종목,코드,구분,패턴,점수,RSI,12/26선,이격ATR,3봉회복배수,동시간배수,기준봉(KST),_match,scan_time
광전자,017900,일치,수렴돌파,69.2000393972225,80.7,12>26,3.47,3.94,11.73,09-15 09:00,True,2026-09-15T10:37:33.079945+09:00
원익홀딩스,030530,일치,수렴돌파,71.19350961538461,78.3,12≤26,4.41,5.32,7.58,09-15 09:00,True,2026-09-15T10:37:33.079945+09:00
로보티즈,108490,일치,수렴돌파,75.16426660507663,69.0,12>26,2.44,2.31,2.93,09-15 09:00,True,2026-09-15T10:37:33.079945+09:00
현대약품,004310,관찰,재반등,80.7569546688215,59.6,12≤26,0.3,4.7,4.38,09-15 09:00,False,2026-09-15T10:37:33.079945+09:00
JW신약,067290,관찰,재반등,71.62874763045,55.7,12≤26,0.18,5.36,3.34,09-15 09:00,False,2026-09-15T10:37:33.079945+09:00
삼화콘덴서,001820,관찰,수렴돌파,59.52033663720747,70.7,12>26,1.82,1.22,2.32,09-15 09:00,False,2026-09-15T10:37:33.079945+09:00
삼익제약,014950,일치,재반등,79.82909526920938,75.8,12≤26,3.26,7.65,10.78,09-15 09:00,True,2026-09-15T10:37:33.079945+09:00
에스피지,058610,관찰,수렴돌파,71.73367198838899,72.6,12≤26,3.49,4.69,7.23,09-15 09:00,False,2026-09-15T10:37:33.079945+09:00
후성,093370,관찰,수렴돌파,80.14316572662908,77.4,12>26,2.96,6.73,6.23,09-15 09:00,False,2026-09-15T10:37:33.079945+09:00
삼현,437730,관찰,수렴돌파,75.8527827648115,85.9,12>26,7.08,6.15,21.26,09-15 09:00,False,2026-09-15T10:37:33.079945+09:00
빛과전자,069540,관찰,재반등,69.5625281730364,58.9,12>26,0.8,1.32,0.99,09-15 09:00,False,2026-09-15T10:37:33.079945+09:00
엑스게이트,356680,관찰,수렴돌파,45.80021375563987,79.1,12>26,3.27,1.32,3.45,09-15 09:00,False,2026-09-15T10:37:33.079945+09:00
SFA반도체,036540,관찰,수렴돌파,55.63622033631009,78.4,12>26,3.6,1.44,3.97,09-15 09:00,False,2026-09-15T10:37:33.079945+09:00
PS일렉트로닉스,332570,관찰,수렴돌파,59.00181110352155,66.9,12>26,2.32,1.12,0.71,09-15 09:00,False,2026-09-15T10:37:33.079945+09:00
대한광통신,010170,관찰,재반등,58.931571380367345,44.8,12≤26,-1.12,1.11,0.55,09-15 09:00,False,2026-09-15T10:37:33.079945+09:00
현대제철,004020,관찰,수렴돌파,76.332937987123,76.0,12>26,3.16,3.65,3.73,09-15 09:00,False,2026-09-15T10:37:33.079945+09:00
흥구석유,024060,관찰,재반등,59.93797501570307,62.3,12>26,0.87,0.57,1.22,09-15 09:00,False,2026-09-15T10:37:33.079945+09:00
우리기술,032820,관찰,재반등,64.40899554425668,39.2,12>26,-2.62,0.44,0.91,09-15 09:00,False,2026-09-15T10:37:33.079945+09:00
HPSP,403870,관찰,수렴돌파,35.89142737371617,41.0,12≤26,-1.94,0.53,0.54,09-15 09:00,False,2026-09-15T10:37:33.079945+09:00
원익,032940,관찰,수렴돌파,58.24198322004561,63.4,12≤26,0.84,0.97,2.82,09-15 09:00,False,2026-09-15T10:37:33.079945+09:00
금호전기,001210,관찰,재반등,72.89358709281848,37.5,12≤26,-1.08,2.75,0.79,09-15 09:00,False,2026-09-15T10:37:33.079945+09:00
샌즈랩,411080,관찰,수렴돌파,61.03281552186661,79.4,12>26,3.84,5.59,9.3,09-15 09:00,False,2026-09-15T10:37:33.079945+09:00
한라캐스트,125490,관찰,수렴돌파,75.0288461538461,67.0,12≤26,2.84,6.31,3.05,09-15 09:00,False,2026-09-15T10:37:33.079945+09:00
하이젠알앤엠,160190,일치,수렴돌파,68.62073896704251,75.3,12≤26,4.57,8.13,13.24,09-15 09:00,True,2026-09-15T10:37:33.079945+09:00
지투지바이오,456160,관찰,수렴돌파,79.02591973244148,58.8,12≤26,1.51,10.06,23.57,09-15 09:00,False,2026-09-15T10:37:33.079945+09:00
심텍,222800,관찰,재반등,50.556069130002676,43.9,12≤26,-1.33,0.65,0.63,09-15 09:00,False,2026-09-15T10:37:33.079945+09:00
더즌,462860,일치,재반등,84.59171055015491,54.1,12≤26,0.45,3.32,3.3,09-15 09:00,True,2026-09-15T10:37:33.079945+09:00
올릭스,226950,일치,수렴돌파,73.6870072848368,62.1,12>26,1.55,2.24,3.28,09-15 09:00,True,2026-09-15T10:37:33.079945+09:00
대덕전자,353200,관찰,수렴돌파,37.624792877089824,36.9,12≤26,-2.37,0.94,0.81,09-15 09:00,False,2026-09-15T10:37:33.079945+09:00
피에스케이홀딩스,031980,관찰,수렴돌파,62.55884246871575,68.6,12>26,2.21,1.05,2.71,09-15 09:00,False,2026-09-15T10:37:33.079945+09:00
두산퓨얼셀,336260,관찰,수렴돌파,52.39966327164082,52.6,12≤26,-0.6,0.96,0.79,09-15 09:00,False,2026-09-15T10:37:33.079945+09:00
GS건설,006360,관찰,재반등,49.80050624725851,53.5,12>26,0.39,0.64,0.45,09-15 09:00,False,2026-09-15T10:37:33.079945+09:00
영풍,000670,관찰,수렴돌파,60.928034543419166,76.5,12>26,3.84,2.93,8.19,09-15 09:00,False,2026-09-15T10:37:33.079945+09:00
티엠씨,217590,일치,재반등,76.6233335286191,71.0,12>26,2.48,31.44,10.26,09-15 09:00,True,2026-09-15T10:37:33.079945+09:00
아로마티카,0015N0,관찰,수렴돌파,58.205963569195696,69.4,12>26,2.49,0.94,3.38,09-15 09:00,False,2026-09-15T10:37:33.079945+09:00
제주반도체,080220,관찰,재반등,41.2238289130992,36.0,12≤26,-2.53,0.61,0.54,09-15 09:00,False,2026-09-15T10:37:33.079945+09:00
티엘비,356860,관찰,재반등,73.88295694132498,56.9,12≤26,1.0,2.03,1.68,09-15 09:00,False,2026-09-15T10:37:33.079945+09:00
엘앤에프,066970,관찰,재반등,45.92788595382905,37.4,12≤26,-1.85,0.63,0.64,09-15 09:00,False,2026-09-15T10:37:33.079945+09:00
DL이앤씨,375500,관찰,수렴돌파,55.476219809232326,67.0,12>26,1.34,1.06,1.09,09-15 09:00,False,2026-09-15T10:37:33.079945+09:00
아모텍,052710,관찰,수렴돌파,53.487460997823156,75.5,12>26,3.1,1.68,4.29,09-15 09:00,False,2026-09-15T10:37:33.079945+09:00
씨피시스템,413630,관찰,수렴돌파,64.2163706237725,65.9,12>26,2.42,1.12,2.24,09-15 09:00,False,2026-09-15T10:37:33.079945+09:00
파인엠텍,441270,일치,수렴돌파,68.76136083205378,72.3,12>26,3.57,2.32,2.87,09-15 09:00,True,2026-09-15T10:37:33.079945+09:00
RF머트리얼즈,327260,관찰,재반등,68.00126097266926,51.2,12>26,-0.18,0.96,0.86,09-15 09:00,False,2026-09-15T10:37:33.079945+09:00
지니언스,263860,관찰,재반등,76.67789662840175,68.8,12>26,1.69,7.54,10.87,09-15 09:00,False,2026-09-15T10:37:33.079945+09:00
LG생활건강,051900,일치,수렴돌파,80.56923076923071,76.5,12>26,2.89,2.53,2.85,09-15 09:00,True,2026-09-15T10:37:33.079945+09:00
LG디스플레이,034220,관찰,재반등,61.592991074451234,37.2,12≤26,-1.2,1.33,2.13,09-15 09:00,False,2026-09-15T10:37:33.079945+09:00
드림시큐리티,203650,관찰,수렴돌파,51.15485348666291,60.0,12>26,1.29,0.7,4.8,09-15 09:00,False,2026-09-15T10:37:33.079945+09:00
한국콜마,161890,일치,재반등,60.94373510862501,54.9,12>26,1.22,1.33,0.81,09-15 09:00,True,2026-09-15T10:37:33.079945+09:00
액스비스,0011A0,관찰,재반등,53.39047708882858,61.0,12>26,1.16,0.5,7.11,09-15 09:00,False,2026-09-15T10:37:33.079945+09:00
아이씨티케이,456010,관찰,수렴돌파,62.19925991051061,62.5,12>26,1.46,1.67,8.8,09-15 09:00,False,2026-09-15T10:37:33.079945+09:00
우리로,046970,관찰,재반등,64.10792969450969,51.7,12>26,-0.05,0.84,1.32,09-15 09:00,False,2026-09-15T10:37:33.079945+09:00
두산테스나,131970,관찰,재반등,47.721681285846465,31.9,12≤26,-3.02,0.65,1.73,09-15 09:00,False,2026-09-15T10:37:33.079945+09:00
아톤,158430,관찰,재반등,76.15249180987936,64.2,12>26,1.13,10.5,36.37,09-15 09:00,False,2026-09-15T10:37:33.079945+09:00
한화엔진,082740,관찰,재반등,70.17372061927651,46.1,12>26,-0.48,1.7,1.05,09-15 09:00,False,2026-09-15T10:37:33.079945+09:00
실리콘투,257720,관찰,재반등,79.78288615690926,43.9,12>26,0.05,1.6,0.51,09-15 09:00,False,2026-09-15T10:37:33.079945+09:00
금호건설,002990,관찰,재반등,43.0939664773307,23.2,12≤26,-2.88,1.4,0.25,09-15 09:00,False,2026-09-15T10:37:33.079945+09:00
라온시큐어,042510,관찰,재반등,72.06148281121003,68.7,12>26,1.97,4.3,9.25,09-15 09:00,False,2026-09-15T10:37:33.079945+09:00
로보스타,090360,관찰,수렴돌파,76.99503128450507,64.0,12≤26,1.92,2.54,2.46,09-15 09:00,False,2026-09-15T10:37:33.079945+09:00
현대무벡스,319400,관찰,수렴돌파,74.39116417093288,56.8,12≤26,0.92,2.0,1.55,09-15 09:00,False,2026-09-15T10:37:33.079945+09:00
씨에스윈드,112610,관찰,재반등,62.47615801144502,53.6,12>26,0.15,1.09,1.69,09-15 09:00,False,2026-09-15T10:37:33.079945+09:00
에스비비테크,389500,일치,수렴돌파,80.84943492526429,69.5,12>26,2.55,2.77,4.92,09-15 09:00,True,2026-09-15T10:37:33.079945+09:00
고영,098460,관찰,재반등,53.82910799525648,49.8,12≤26,0.05,0.66,0.91,09-15 09:00,False,2026-09-15T10:37:33.079945+09:00
페니트리움바이오,187660,관찰,재반등,77.27081647268645,52.4,12>26,-0.01,1.72,1.08,09-15 09:00,False,2026-09-15T10:37:33.079945+09:00
피에스케이,319660,관찰,수렴돌파,40.19700214132762,42.6,12≤26,-1.85,0.51,1.03,09-15 09:00,False,2026-09-15T10:37:33.079945+09:00
인피니트헬스케어,071200,관찰,수렴돌파,80.0,89.3,12>26,6.28,6.69,24.53,09-15 09:00,False,2026-09-15T10:37:33.079945+09:00
티에스이,131290,관찰,수렴돌파,36.242811501597444,36.5,12≤26,-2.48,0.42,1.46,09-15 09:00,False,2026-09-15T10:37:33.079945+09:00
테스,095610,관찰,수렴돌파,40.52998605299861,38.4,12≤26,-2.4,0.39,0.77,09-15 09:00,False,2026-09-15T10:37:33.079945+09:00
에이럭스,475580,일치,수렴돌파,78.91406791406794,72.6,12>26,2.77,35.66,12.17,09-15 09:00,True,2026-09-15T10:37:33.079945+09:00
펩트론,087010,관찰,수렴돌파,59.28148364527932,47.4,12≤26,-0.13,1.2,1.53,09-15 09:00,False,2026-09-15T10:37:33.079945+09:00
디앤디파마텍,347850,관찰,재반등,45.873777639263764,39.8,12≤26,-1.44,1.22,0.83,09-15 09:00,False,2026-09-15T10:37:33.079945+09:00
두산로보틱스,454910,관찰,수렴돌파,56.8952595678168,50.4,12≤26,-0.37,0.99,1.05,09-15 09:00,False,2026-09-15T10:37:33.079945+09:00
아이티센글로벌,124500,관찰,재반등,80.19193970264922,41.9,12>26,-0.56,2.47,0.87,09-15 09:00,False,2026-09-15T10:37:33.079945+09:00
헥토파이낸셜,234340,관찰,재반등,64.4552855032957,40.5,12≤26,-1.09,1.71,0.74,09-15 09:00,False,2026-09-15T10:37:33.079945+09:00
파마리서치,214450,관찰,재반등,51.493837907179184,30.4,12≤26,-2.02,0.54,0.58,09-15 09:00,False,2026-09-15T10:37:33.079945+09:00
OCI홀딩스,010060,관찰,수렴돌파,35.164956189258305,26.6,12≤26,-3.98,1.09,0.37,09-15 09:00,False,2026-09-15T10:37:33.079945+09:00
SK이터닉스,475150,관찰,재반등,48.78783895960156,39.1,12≤26,-1.58,0.44,0.18,09-15 09:00,False,2026-09-15T10:37:33.079945+09:00
하나마이크론,067310,관찰,재반등,35.418685205230524,33.1,12≤26,-2.36,0.42,0.35,09-15 09:00,False,2026-09-15T10:37:33.079945+09:00
제이앤티씨,204270,관찰,재반등,59.018033099787885,56.4,12>26,0.45,1.02,1.44,09-15 09:00,False,2026-09-15T10:37:33.079945+09:00
서산,079650,관찰,수렴돌파,35.03125,38.5,12≤26,-2.6,0.6,0.51,09-15 09:00,False,2026-09-15T10:37:33.079945+09:00
한국화장품제조,003350,관찰,재반등,54.006464625779984,56.4,12>26,0.75,0.29,1.22,09-15 09:00,False,2026-09-15T10:37:33.079945+09:00
샘씨엔에스,252990,관찰,재반등,47.5958054037189,74.7,12>26,2.7,1.16,3.16,09-15 09:00,False,2026-09-15T10:37:33.079945+09:00
코스맥스,192820,일치,재반등,61.33080009128382,64.0,12>26,1.38,1.27,0.82,09-15 09:00,True,2026-09-15T10:37:33.079945+09:00
LS머트리얼즈,417200,관찰,재반등,61.622425899653464,52.3,12>26,0.14,0.92,0.6,09-15 09:00,False,2026-09-15T10:37:33.079945+09:00
HD현대에너지솔루션,322000,관찰,수렴돌파,33.03804347826087,33.2,12≤26,-3.92,0.65,0.51,09-15 09:00,False,2026-09-15T10:37:33.079945+09:00
금강철강,053260,관찰,재반등,61.166137869417504,56.9,12>26,0.65,0.27,1.85,09-15 09:00,False,2026-09-15T10:37:33.079945+09:00
에스피소프트,443670,관찰,수렴돌파,44.91775366945863,77.7,12>26,3.2,1.02,1.65,09-15 09:00,False,2026-09-15T10:37:33.079945+09:00
롯데쇼핑,023530,관찰,재반등,62.70804535470804,64.6,12>26,2.27,1.65,1.74,09-15 09:00,False,2026-09-15T10:37:33.079945+09:00
지엔씨에너지,119850,관찰,재반등,60.22866239930734,53.1,12>26,0.07,0.74,0.62,09-15 09:00,False,2026-09-15T10:37:33.079945+09:00
비에이치,090460,관찰,재반등,69.50463097407973,53.3,12>26,0.97,0.94,0.57,09-15 09:00,False,2026-09-15T10:37:33.079945+09:00
현대해상,001450,관찰,재반등,61.65466409516407,43.9,12>26,-0.36,1.38,1.01,09-15 09:00,False,2026-09-15T10:37:33.079945+09:00
바이오니아,064550,일치,재반등,73.05328127880944,54.0,12>26,0.59,1.61,1.54,09-15 09:00,True,2026-09-15T10:37:33.079945+09:00
비에이치아이,083650,관찰,재반등,54.98867192615857,38.8,12≤26,-1.72,0.74,0.52,09-15 09:00,False,2026-09-15T10:37:33.079945+09:00
HLB,028300,관찰,수렴돌파,61.63760275781317,46.2,12≤26,-0.16,1.36,0.57,09-15 09:00,False,2026-09-15T10:37:33.079945+09:00
한화갤러리아,452260,관찰,재반등,67.75284245439018,63.1,12>26,1.5,1.5,2.33,09-15 09:00,False,2026-09-15T10:37:33.079945+09:00
테크윙,089030,관찰,수렴돌파,34.367816091954026,31.8,12≤26,-3.09,0.51,0.7,09-15 09:00,False,2026-09-15T10:37:33.079945+09:00
신세계,004170,관찰,재반등,51.56775658916489,38.8,12≤26,-1.68,0.87,0.83,09-15 09:00,False,2026-09-15T10:37:33.079945+09:00
삼미금속,012210,관찰,재반등,64.38399165970138,52.1,12>26,-0.63,0.16,0.58,09-15 09:00,False,2026-09-15T10:37:33.079945+09:00
브이엠,089970,관찰,수렴돌파,50.822186715361774,47.4,12≤26,-0.14,0.54,1.03,09-15 09:00,False,2026-09-15T10:37:33.079945+09:00
오리온,271560,관찰,재반등,57.39564469267437,35.1,12≤26,-1.75,3.1,3.65,09-15 09:00,False,2026-09-15T10:37:33.079945+09:00
성호전자,043260,관찰,재반등,45.89524073304708,39.7,12≤26,-1.96,0.64,0.56,09-15 09:00,False,2026-09-15T10:37:33.079945+09:00
한국피아이엠,448900,관찰,수렴돌파,76.25806451612904,65.8,12≤26,2.24,3.87,3.69,09-15 09:00,False,2026-09-15T10:37:33.079945+09:00
위메이드맥스,101730,일치,수렴돌파,62.73633861879178,87.1,12>26,4.42,11.27,6.93,09-15 09:00,True,2026-09-15T10:37:33.079945+09:00
SFA,056190,관찰,수렴돌파,70.25856079404475,81.1,12>26,4.88,5.35,8.97,09-15 09:00,False,2026-09-15T10:37:33.079945+09:00
에스투더블유,488280,관찰,재반등,54.16021154013938,62.5,12>26,1.69,1.06,4.42,09-15 09:00,False,2026-09-15T10:37:33.079945+09:00
코스모로보틱스,439960,관찰,수렴돌파,43.29045751908326,45.0,12≤26,-1.04,1.13,1.06,09-15 09:00,False,2026-09-15T10:37:33.079945+09:00
매드업,0039P0,관찰,재반등,46.197509225642214,41.1,12≤26,-1.51,0.35,0.62,09-15 09:00,False,2026-09-15T10:37:33.079945+09:00
ISC,095340,관찰,재반등,45.263024152430674,41.9,12≤26,-1.44,0.59,0.76,09-15 09:00,False,2026-09-15T10:37:33.079945+09:00
달바글로벌,483650,관찰,재반등,36.17880591262552,26.5,12≤26,-2.61,0.7,0.86,09-15 09:00,False,2026-09-15T10:37:33.079945+09:00
코칩,126730,관찰,재반등,54.59616713669813,56.4,12>26,0.87,0.65,1.11,09-15 09:00,False,2026-09-15T10:37:33.079945+09:00
기가비스,420770,관찰,재반등,52.74082985233476,50.9,12≤26,0.14,1.17,0.8,09-15 09:00,False,2026-09-15T10:37:33.079945+09:00
웨이비스,289930,일치,수렴돌파,75.39108753315651,76.6,12>26,3.69,38.08,74.02,09-15 09:00,True,2026-09-15T10:37:33.079945+09:00
대원전선,006340,관찰,재반등,42.67650165011494,33.8,12≤26,-2.49,0.79,0.36,09-15 09:00,False,2026-09-15T10:37:33.079945+09:00
클로봇,466100,관찰,수렴돌파,66.54143248578094,51.6,12≤26,0.19,1.6,1.5,09-15 09:00,False,2026-09-15T10:37:33.079945+09:00
파두,440110,관찰,수렴돌파,33.94957983193277,38.4,12≤26,-2.37,0.54,0.76,09-15 09:00,False,2026-09-15T10:37:33.079945+09:00
KCC,002380,관찰,수렴돌파,54.05550665081844,44.9,12≤26,-1.17,1.22,2.37,09-15 09:00,False,2026-09-15T10:37:33.079945+09:00
휴림로봇,090710,관찰,수렴돌파,63.55462370344266,53.6,12≤26,0.16,1.43,1.85,09-15 09:00,False,2026-09-15T10:37:33.079945+09:00
와이씨,232140,관찰,재반등,46.0880756119529,41.2,12≤26,-1.22,0.47,0.51,09-15 09:00,False,2026-09-15T10:37:33.079945+09:00
롯데에너지머티리얼즈,020150,관찰,재반등,61.15014687270468,46.4,12>26,-0.9,0.98,1.04,09-15 09:00,False,2026-09-15T10:37:33.079945+09:00
인텍플러스,064290,관찰,재반등,66.12131298324822,51.7,12>26,-0.4,1.26,0.77,09-15 09:00,False,2026-09-15T10:37:33.079945+09:00
우리기술투자,041190,관찰,재반등,62.321824936978786,40.1,12≤26,-1.07,1.63,0.24,09-15 09:00,False,2026-09-15T10:37:33.079945+09:00
케이씨텍,281820,관찰,수렴돌파,59.94162359379747,57.8,12≤26,0.97,0.67,1.86,09-15 09:00,False,2026-09-15T10:37:33.079945+09:00
SK아이이테크놀로지,361610,관찰,수렴돌파,42.60558693284636,46.2,12≤26,-1.31,0.83,1.02,09-15 09:00,False,2026-09-15T10:37:33.079945+09:00
메가터치,446540,관찰,재반등,56.93196957613151,60.6,12>26,1.16,0.7,7.05,09-15 09:00,False,2026-09-15T10:37:33.079945+09:00
세아베스틸지주,001430,관찰,수렴돌파,72.42969588550986,68.1,12>26,3.58,2.91,4.04,09-15 09:00,False,2026-09-15T10:37:33.079945+09:00
에이비엘바이오,298380,관찰,재반등,49.98041304383796,47.5,12≤26,-0.32,1.07,0.77,09-15 09:00,False,2026-09-15T10:37:33.079945+09:00
티씨케이,064760,관찰,재반등,57.27524904201812,54.4,12>26,0.38,0.66,1.15,09-15 09:00,False,2026-09-15T10:37:33.079945+09:00
에스엠,041510,관찰,수렴돌파,63.13927776825428,78.9,12>26,2.61,1.62,1.46,09-15 09:00,False,2026-09-15T10:37:33.079945+09:00
쿠콘,294570,관찰,재반등,66.8217554583355,56.1,12≤26,0.71,1.55,1.76,09-15 09:00,False,2026-09-15T10:37:33.079945+09:00
팬오션,028670,관찰,재반등,56.63900936794721,40.9,12>26,-1.08,0.78,0.34,09-15 09:00,False,2026-09-15T10:37:33.079945+09:00
서진시스템,178320,관찰,재반등,42.342081146425286,37.8,12≤26,-1.7,0.82,0.36,09-15 09:00,False,2026-09-15T10:37:33.079945+09:00
알지노믹스,476830,관찰,수렴돌파,72.61256239234467,54.0,12≤26,0.37,2.18,1.26,09-15 09:00,False,2026-09-15T10:37:33.079945+09:00
HL만도,204320,관찰,수렴돌파,56.333118671864916,52.6,12≤26,0.12,1.01,0.94,09-15 09:00,False,2026-09-15T10:37:33.079945+09:00
위더스제약,330350,관찰,재반등,55.95946487373269,47.1,12≤26,-0.61,1.49,2.77,09-15 09:00,False,2026-09-15T10:37:33.079945+09:00
신스틸,162300,관찰,재반등,51.02149596468668,44.7,12>26,-2.15,0.31,1.76,09-15 09:00,False,2026-09-15T10:37:33.079945+09:00
디아이,003160,관찰,수렴돌파,49.64689425469702,47.7,12≤26,-0.71,0.77,0.42,09-15 09:00,False,2026-09-15T10:37:33.079945+09:00
안랩,053800,관찰,수렴돌파,76.80968169761272,82.0,12>26,4.0,3.06,7.05,09-15 09:00,False,2026-09-15T10:37:33.079945+09:00
리가켐바이오,141080,관찰,재반등,44.22338295818916,43.4,12≤26,-0.96,0.82,0.57,09-15 09:00,False,2026-09-15T10:37:33.079945+09:00
RFHIC,218410,관찰,재반등,56.147200720923614,47.7,12≤26,-0.64,0.52,0.63,09-15 09:00,False,2026-09-15T10:37:33.079945+09:00
일진전기,103590,관찰,재반등,56.14447177081149,37.7,12≤26,-1.76,1.11,0.7,09-15 09:00,False,2026-09-15T10:37:33.079945+09:00
상신이디피,091580,관찰,재반등,73.41381429561008,59.4,12>26,1.44,2.1,2.01,09-15 09:00,False,2026-09-15T10:37:33.079945+09:00
저스템,417840,관찰,재반등,50.65452435053701,48.0,12>26,0.07,0.45,0.72,09-15 09:00,False,2026-09-15T10:37:33.079945+09:00
보로노이,310210,일치,재반등,68.28411290562244,49.4,12≤26,0.16,1.38,0.91,09-15 09:00,True,2026-09-15T10:37:33.079945+09:00
삼천당제약,000250,관찰,수렴돌파,37.947826086956525,43.7,12≤26,-1.33,0.69,0.5,09-15 09:00,False,2026-09-15T10:37:33.079945+09:00
코스메카코리아,241710,일치,수렴돌파,54.049471210900116,55.5,12>26,1.62,1.15,0.95,09-15 09:00,True,2026-09-15T10:37:33.079945+09:00
한올바이오파마,009420,관찰,재반등,35.611837857698696,31.2,12≤26,-2.73,0.82,0.84,09-15 09:00,False,2026-09-15T10:37:33.079945+09:00
디케이티,290550,관찰,재반등,65.53263374415016,59.2,12>26,1.48,1.53,0.93,09-15 09:00,False,2026-09-15T10:37:33.079945+09:00
