,Open,High,Low,Close,Volume
2026-06-25 09:00:00+09:00,48050.0,49950.0,47500.0,48300.0,0
2026-06-25 10:00:00+09:00,48300.0,49400.0,48200.0,49150.0,40360
2026-06-25 11:00:00+09:00,49100.0,49350.0,48700.0,48750.0,22090
2026-06-25 12:00:00+09:00,48750.0,48900.0,48400.0,48750.0,21940
2026-06-25 13:00:00+09:00,48700.0,48950.0,48450.0,48500.0,37435
2026-06-25 14:00:00+09:00,48600.0,48650.0,48000.0,48200.0,49201
2026-06-26 09:00:00+09:00,48350.0,48350.0,46550.0,47050.0,50934
2026-06-26 10:00:00+09:00,47100.0,47450.0,46550.0,46900.0,38491
2026-06-26 11:00:00+09:00,46900.0,47050.0,45650.0,45800.0,40194
2026-06-26 12:00:00+09:00,45800.0,45850.0,45200.0,45450.0,30976
2026-06-26 13:00:00+09:00,45450.0,45950.0,45150.0,45300.0,46123
2026-06-26 14:00:00+09:00,45250.0,45700.0,45150.0,45600.0,59687
2026-06-29 09:00:00+09:00,46700.0,49250.0,46350.0,49200.0,0
2026-06-29 10:00:00+09:00,49200.0,49400.0,48300.0,48500.0,53224
2026-06-29 11:00:00+09:00,48500.0,48600.0,48100.0,48500.0,20127
2026-06-29 12:00:00+09:00,48500.0,48700.0,48200.0,48450.0,21194
2026-06-29 13:00:00+09:00,48500.0,48850.0,48450.0,48600.0,19030
2026-06-29 14:00:00+09:00,48600.0,49000.0,48500.0,49000.0,33446
2026-06-30 09:00:00+09:00,48350.0,49100.0,47550.0,49050.0,41502
2026-06-30 10:00:00+09:00,49050.0,49100.0,48450.0,48750.0,21918
2026-06-30 11:00:00+09:00,48750.0,48750.0,48050.0,48050.0,12268
2026-06-30 12:00:00+09:00,48050.0,48300.0,48000.0,48300.0,7168
2026-06-30 13:00:00+09:00,48300.0,48300.0,47250.0,47400.0,36985
2026-06-30 14:00:00+09:00,47400.0,47450.0,47000.0,47300.0,34156
2026-07-01 09:00:00+09:00,47200.0,47750.0,46450.0,47050.0,35576
2026-07-01 10:00:00+09:00,47000.0,47100.0,46400.0,46700.0,27744
2026-07-01 11:00:00+09:00,46700.0,47450.0,46350.0,47100.0,20821
2026-07-01 12:00:00+09:00,47100.0,47150.0,46800.0,46950.0,21368
2026-07-01 13:00:00+09:00,46900.0,47000.0,46650.0,46750.0,25311
2026-07-01 14:00:00+09:00,46850.0,47000.0,46700.0,46950.0,19790
2026-07-02 09:00:00+09:00,46900.0,47950.0,45550.0,47700.0,44177
2026-07-02 10:00:00+09:00,47650.0,53200.0,47600.0,52700.0,241972
2026-07-02 11:00:00+09:00,52600.0,53300.0,51700.0,51900.0,98946
2026-07-02 12:00:00+09:00,51800.0,52100.0,51600.0,51900.0,34878
2026-07-02 13:00:00+09:00,51800.0,52600.0,50600.0,51250.0,77033
2026-07-02 14:00:00+09:00,51300.0,51300.0,49850.0,50100.0,66469
2026-07-03 09:00:00+09:00,50400.0,50500.0,48500.0,48850.0,69251
2026-07-03 10:00:00+09:00,48800.0,52700.0,48800.0,50400.0,84501
2026-07-03 11:00:00+09:00,50400.0,51700.0,49950.0,51200.0,67399
2026-07-03 12:00:00+09:00,51200.0,51600.0,50800.0,51600.0,47357
2026-07-03 13:00:00+09:00,51600.0,51600.0,50500.0,51100.0,55836
2026-07-03 14:00:00+09:00,51000.0,51500.0,50600.0,50900.0,65631
2026-07-06 09:00:00+09:00,51200.0,52900.0,50700.0,52300.0,0
2026-07-06 10:00:00+09:00,52300.0,52500.0,50800.0,51000.0,23124
2026-07-06 11:00:00+09:00,51000.0,51400.0,50100.0,50500.0,23996
2026-07-06 12:00:00+09:00,50500.0,51100.0,50200.0,50700.0,12064
2026-07-06 13:00:00+09:00,50700.0,51200.0,50300.0,51100.0,9003
2026-07-06 14:00:00+09:00,51100.0,51200.0,50400.0,50600.0,18232
2026-07-07 09:00:00+09:00,50400.0,53600.0,50200.0,53300.0,76480
2026-07-07 10:00:00+09:00,53300.0,54000.0,52400.0,53300.0,97676
2026-07-07 11:00:00+09:00,53400.0,53500.0,52700.0,53000.0,48158
2026-07-07 12:00:00+09:00,53000.0,53500.0,52600.0,52800.0,55979
2026-07-07 13:00:00+09:00,52800.0,53300.0,52600.0,53000.0,48655
2026-07-07 14:00:00+09:00,53600.0,54900.0,52500.0,54400.0,186493
2026-07-08 09:00:00+09:00,54300.0,55000.0,52500.0,52800.0,71007
2026-07-08 10:00:00+09:00,52800.0,53400.0,52400.0,52600.0,32910
2026-07-08 11:00:00+09:00,52600.0,52800.0,51600.0,52500.0,39736
2026-07-08 12:00:00+09:00,52700.0,52900.0,52100.0,52400.0,24509
2026-07-08 13:00:00+09:00,52500.0,52500.0,50900.0,51600.0,44927
2026-07-08 14:00:00+09:00,51500.0,51800.0,50700.0,51600.0,47472
2026-07-09 09:00:00+09:00,51800.0,52200.0,49200.0,49800.0,52851
2026-07-09 10:00:00+09:00,49850.0,50100.0,49050.0,49150.0,30534
2026-07-09 11:00:00+09:00,49100.0,49600.0,48200.0,48300.0,27969
2026-07-09 12:00:00+09:00,48350.0,48900.0,47900.0,48500.0,31214
2026-07-09 13:00:00+09:00,48500.0,49200.0,47900.0,48200.0,33285
2026-07-09 14:00:00+09:00,48200.0,49250.0,47850.0,49150.0,60475
2026-07-10 09:00:00+09:00,49750.0,51800.0,49700.0,50600.0,53692
2026-07-10 10:00:00+09:00,50600.0,50900.0,49800.0,50800.0,28497
2026-07-10 11:00:00+09:00,50800.0,51200.0,50700.0,51100.0,14099
2026-07-10 12:00:00+09:00,51100.0,51200.0,50700.0,50900.0,15484
2026-07-10 13:00:00+09:00,50900.0,51100.0,50400.0,50500.0,18496
2026-07-10 14:00:00+09:00,50500.0,51000.0,50400.0,50800.0,18375
2026-07-13 09:00:00+09:00,50900.0,52400.0,50300.0,52400.0,0
2026-07-13 10:00:00+09:00,52300.0,52800.0,50600.0,50900.0,75589
2026-07-13 11:00:00+09:00,50900.0,51900.0,50600.0,51300.0,13567
2026-07-13 12:00:00+09:00,51200.0,51300.0,50500.0,50800.0,13639
2026-07-13 13:00:00+09:00,50700.0,50800.0,49700.0,50000.0,11239
2026-07-13 14:00:00+09:00,50000.0,50600.0,49250.0,49500.0,44428
2026-07-14 09:00:00+09:00,49950.0,50200.0,47950.0,48600.0,55757
2026-07-14 10:00:00+09:00,48600.0,48900.0,48200.0,48400.0,26821
2026-07-14 11:00:00+09:00,48450.0,49250.0,48300.0,48700.0,35369
2026-07-14 12:00:00+09:00,48700.0,48800.0,47900.0,48500.0,27706
2026-07-14 13:00:00+09:00,48400.0,48550.0,47350.0,47550.0,36892
2026-07-14 14:00:00+09:00,47550.0,47700.0,47050.0,47100.0,59408
2026-07-15 09:00:00+09:00,47700.0,48400.0,46600.0,47250.0,73435
2026-07-15 10:00:00+09:00,47250.0,47650.0,46450.0,47550.0,49356
2026-07-15 11:00:00+09:00,47500.0,47600.0,47150.0,47200.0,26360
2026-07-15 12:00:00+09:00,47200.0,47750.0,47200.0,47500.0,23096
2026-07-15 13:00:00+09:00,47500.0,47600.0,47150.0,47450.0,19984
2026-07-15 14:00:00+09:00,47450.0,47550.0,46900.0,47450.0,35030
2026-07-16 09:00:00+09:00,47600.0,48150.0,46850.0,47400.0,42714
2026-07-16 10:00:00+09:00,47400.0,47800.0,46750.0,47250.0,31536
2026-07-16 11:00:00+09:00,47250.0,47400.0,46800.0,47350.0,13178
2026-07-16 12:00:00+09:00,47300.0,47500.0,47000.0,47350.0,16502
2026-07-16 13:00:00+09:00,47350.0,47600.0,46950.0,47600.0,20086
2026-07-16 14:00:00+09:00,47575.0,48500.0,47200.0,47600.0,52069
2026-07-20 09:00:00+09:00,47600.0,47600.0,46050.0,46600.0,0
2026-07-20 10:00:00+09:00,46650.0,46950.0,45500.0,45750.0,48449
2026-07-20 11:00:00+09:00,45750.0,46050.0,45150.0,45450.0,32470
2026-07-20 12:00:00+09:00,45450.0,45500.0,45050.0,45075.0,27170
2026-07-20 13:00:00+09:00,45075.0,45500.0,44750.0,45250.0,34343
2026-07-20 14:00:00+09:00,45250.0,45300.0,44600.0,44750.0,40401
2026-07-21 09:00:00+09:00,45000.0,45250.0,44300.0,45150.0,20849
2026-07-21 10:00:00+09:00,45250.0,46300.0,45000.0,45850.0,19572
2026-07-21 11:00:00+09:00,45850.0,46250.0,45700.0,46150.0,13900
2026-07-21 12:00:00+09:00,46150.0,46500.0,46050.0,46300.0,10991
2026-07-21 13:00:00+09:00,46200.0,46300.0,46050.0,46150.0,9656
2026-07-21 14:00:00+09:00,46150.0,46200.0,45500.0,45900.0,15785
2026-07-22 09:00:00+09:00,46250.0,47750.0,45750.0,47400.0,46409
2026-07-22 10:00:00+09:00,47400.0,48400.0,47300.0,48400.0,42316
2026-07-22 11:00:00+09:00,48400.0,48400.0,47750.0,48000.0,25699
2026-07-22 12:00:00+09:00,48000.0,48400.0,47800.0,48250.0,21437
2026-07-22 13:00:00+09:00,48200.0,48450.0,47850.0,48000.0,28441
2026-07-22 14:00:00+09:00,48000.0,48250.0,47550.0,47950.0,44719
2026-07-23 09:00:00+09:00,47200.0,47750.0,46650.0,47450.0,39108
2026-07-23 10:00:00+09:00,47400.0,47800.0,47050.0,47450.0,35219
2026-07-23 11:00:00+09:00,47500.0,47500.0,47000.0,47150.0,27041
2026-07-23 12:00:00+09:00,47150.0,47250.0,46850.0,47200.0,35336
2026-07-23 13:00:00+09:00,47250.0,47300.0,47000.0,47000.0,34792
2026-07-23 14:00:00+09:00,47000.0,47500.0,46850.0,47050.0,63090
2026-07-24 09:00:00+09:00,46700.0,47700.0,46300.0,47600.0,65821
2026-07-24 10:00:00+09:00,47600.0,48100.0,47250.0,47400.0,40367
2026-07-24 11:00:00+09:00,47400.0,47550.0,46650.0,46700.0,30659
2026-07-24 12:00:00+09:00,46700.0,47300.0,46650.0,46950.0,24649
2026-07-24 13:00:00+09:00,46950.0,47500.0,46750.0,47350.0,24564
2026-07-24 14:00:00+09:00,47300.0,47500.0,46900.0,47150.0,28325
2026-07-27 09:00:00+09:00,47800.0,48000.0,46250.0,47300.0,0
2026-07-27 10:00:00+09:00,47300.0,47900.0,47250.0,47750.0,31211
2026-07-27 11:00:00+09:00,47750.0,47850.0,47200.0,47425.0,12649
2026-07-27 12:00:00+09:00,47450.0,47700.0,47150.0,47250.0,12823
2026-07-27 13:00:00+09:00,47200.0,47850.0,47200.0,47350.0,16330
2026-07-27 14:00:00+09:00,47400.0,47750.0,47400.0,47450.0,15469
2026-07-28 09:00:00+09:00,47050.0,48200.0,46650.0,47000.0,51172
2026-07-28 10:00:00+09:00,46950.0,47300.0,46800.0,47000.0,30060
2026-07-28 11:00:00+09:00,47000.0,47150.0,46150.0,46300.0,20313
2026-07-28 12:00:00+09:00,46300.0,46400.0,45950.0,46250.0,13404
2026-07-28 13:00:00+09:00,46250.0,46650.0,46100.0,46200.0,16402
2026-07-28 14:00:00+09:00,46200.0,46550.0,45800.0,45850.0,24190
2026-07-29 09:00:00+09:00,46250.0,47950.0,46000.0,46350.0,42537
2026-07-29 10:00:00+09:00,46300.0,46800.0,45000.0,45150.0,29377
2026-07-29 11:00:00+09:00,45150.0,45150.0,43550.0,43850.0,41920
2026-07-29 12:00:00+09:00,43850.0,44500.0,43500.0,43900.0,14365
2026-07-29 13:00:00+09:00,43950.0,43950.0,42500.0,43400.0,68045
2026-07-29 14:00:00+09:00,43350.0,43750.0,43050.0,43125.0,58216
2026-07-30 09:00:00+09:00,42800.0,45400.0,42800.0,43900.0,64491
2026-07-30 10:00:00+09:00,43850.0,44600.0,43650.0,44300.0,53336
2026-07-30 11:00:00+09:00,44300.0,44350.0,43150.0,43200.0,43273
2026-07-30 12:00:00+09:00,43200.0,43400.0,42700.0,42900.0,39762
2026-07-30 13:00:00+09:00,42900.0,43100.0,42550.0,42600.0,44270
2026-07-30 14:00:00+09:00,42550.0,43000.0,42300.0,42650.0,78429
2026-07-31 09:00:00+09:00,43850.0,44000.0,43100.0,43300.0,40251
2026-07-31 10:00:00+09:00,43300.0,44200.0,43300.0,43800.0,30585
2026-07-31 11:00:00+09:00,43800.0,44750.0,43600.0,44500.0,24629
2026-07-31 12:00:00+09:00,44500.0,44900.0,44300.0,44400.0,24634
2026-07-31 13:00:00+09:00,44350.0,44650.0,44100.0,44350.0,19514
2026-07-31 14:00:00+09:00,44350.0,46800.0,42000.0,43300.0,264475
2026-08-03 09:00:00+09:00,43450.0,43450.0,40150.0,40550.0,0
2026-08-03 10:00:00+09:00,40550.0,41200.0,40500.0,41150.0,136970
2026-08-03 11:00:00+09:00,41150.0,41500.0,40750.0,40750.0,117861
2026-08-03 12:00:00+09:00,40850.0,40900.0,40550.0,40600.0,110252
2026-08-03 13:00:00+09:00,40600.0,40800.0,40550.0,40650.0,83129
2026-08-03 14:00:00+09:00,40650.0,41000.0,40550.0,40850.0,84925
2026-08-04 09:00:00+09:00,41400.0,41500.0,40150.0,40150.0,177367
2026-08-04 10:00:00+09:00,40150.0,41000.0,40050.0,40775.0,96828
2026-08-04 11:00:00+09:00,40775.0,40900.0,40500.0,40550.0,86269
2026-08-04 12:00:00+09:00,40500.0,40700.0,40400.0,40500.0,82187
2026-08-04 13:00:00+09:00,40500.0,40900.0,40400.0,40600.0,94224
2026-08-04 14:00:00+09:00,40600.0,41350.0,40400.0,41100.0,136711
2026-08-05 09:00:00+09:00,42200.0,42900.0,42000.0,42150.0,81272
2026-08-05 10:00:00+09:00,42150.0,42500.0,42100.0,42450.0,41088
2026-08-05 11:00:00+09:00,42400.0,42700.0,42150.0,42150.0,51537
2026-08-05 12:00:00+09:00,42150.0,42250.0,42000.0,42050.0,47694
2026-08-05 13:00:00+09:00,42050.0,42100.0,41650.0,41900.0,62932
2026-08-05 14:00:00+09:00,41900.0,42050.0,41800.0,41950.0,50384
2026-08-06 09:00:00+09:00,42000.0,43050.0,41600.0,42500.0,79992
2026-08-06 10:00:00+09:00,42550.0,42600.0,41850.0,42250.0,29178
2026-08-06 11:00:00+09:00,42200.0,42650.0,42150.0,42550.0,14632
2026-08-06 12:00:00+09:00,42550.0,42600.0,42350.0,42550.0,11032
2026-08-06 13:00:00+09:00,42550.0,42650.0,42150.0,42600.0,21715
2026-08-06 14:00:00+09:00,42600.0,42800.0,42450.0,42750.0,31463
2026-08-07 09:00:00+09:00,42850.0,42900.0,42250.0,42450.0,53679
2026-08-07 10:00:00+09:00,42450.0,42700.0,42000.0,42100.0,54538
2026-08-07 11:00:00+09:00,42100.0,42300.0,41950.0,42150.0,18152
2026-08-07 12:00:00+09:00,42200.0,42500.0,42100.0,42300.0,18935
2026-08-07 13:00:00+09:00,42300.0,42650.0,42250.0,42600.0,20975
2026-08-07 14:00:00+09:00,42550.0,42850.0,42450.0,42550.0,62478
2026-08-10 09:00:00+09:00,43000.0,43450.0,42600.0,43450.0,0
2026-08-10 10:00:00+09:00,43450.0,44200.0,43350.0,44050.0,53153
2026-08-10 11:00:00+09:00,44050.0,44350.0,43950.0,44150.0,33359
2026-08-10 12:00:00+09:00,44150.0,44200.0,43850.0,44000.0,14544
2026-08-10 13:00:00+09:00,43950.0,44150.0,43850.0,44000.0,19730
2026-08-10 14:00:00+09:00,43950.0,44250.0,43950.0,44250.0,24294
2026-08-11 09:00:00+09:00,44200.0,44650.0,43650.0,44450.0,20187
2026-08-11 10:00:00+09:00,44400.0,45000.0,44150.0,44750.0,26080
2026-08-11 11:00:00+09:00,44700.0,44900.0,44550.0,44800.0,18144
2026-08-11 12:00:00+09:00,44800.0,44900.0,44500.0,44650.0,17711
2026-08-11 13:00:00+09:00,44750.0,44750.0,44200.0,44400.0,21625
2026-08-11 14:00:00+09:00,44400.0,44700.0,44250.0,44550.0,21442
2026-08-12 09:00:00+09:00,44600.0,45000.0,44200.0,44750.0,21058
2026-08-12 10:00:00+09:00,44700.0,44850.0,44200.0,44500.0,23403
2026-08-12 11:00:00+09:00,44500.0,44550.0,44000.0,44125.0,24246
2026-08-12 12:00:00+09:00,44150.0,44300.0,44050.0,44150.0,16862
2026-08-12 13:00:00+09:00,44100.0,44200.0,43800.0,44000.0,41462
2026-08-12 14:00:00+09:00,44000.0,44150.0,43800.0,44050.0,29988
2026-08-13 09:00:00+09:00,44100.0,44500.0,43600.0,44250.0,41991
2026-08-13 10:00:00+09:00,44200.0,44250.0,43650.0,43750.0,33103
2026-08-13 11:00:00+09:00,43700.0,44100.0,43700.0,43800.0,33710
2026-08-13 12:00:00+09:00,43800.0,43900.0,43700.0,43750.0,23062
2026-08-13 13:00:00+09:00,43750.0,43850.0,43400.0,43400.0,46226
2026-08-13 14:00:00+09:00,43450.0,43550.0,43300.0,43350.0,48773
2026-08-14 09:00:00+09:00,43650.0,44700.0,43450.0,44450.0,69237
2026-08-14 10:00:00+09:00,44400.0,45150.0,44050.0,45050.0,52847
2026-08-14 11:00:00+09:00,45000.0,45050.0,44550.0,44800.0,15330
2026-08-14 12:00:00+09:00,44800.0,45000.0,44700.0,44850.0,14682
2026-08-14 13:00:00+09:00,44850.0,45150.0,44800.0,45050.0,25434
2026-08-14 14:00:00+09:00,45050.0,45600.0,45000.0,45400.0,56659
2026-08-18 09:00:00+09:00,45350.0,45550.0,44400.0,44800.0,0
2026-08-18 10:00:00+09:00,44850.0,44850.0,44400.0,44500.0,34026
2026-08-18 11:00:00+09:00,44500.0,44650.0,44050.0,44150.0,25484
2026-08-18 12:00:00+09:00,44200.0,44250.0,43850.0,44000.0,20094
2026-08-18 13:00:00+09:00,43950.0,44000.0,43600.0,43650.0,34214
2026-08-18 14:00:00+09:00,43650.0,43650.0,43200.0,43250.0,52488
2026-08-19 09:00:00+09:00,42950.0,42950.0,42150.0,42750.0,25487
2026-08-19 10:00:00+09:00,42700.0,43200.0,42300.0,42400.0,24888
2026-08-19 11:00:00+09:00,42400.0,42700.0,42250.0,42500.0,29329
2026-08-19 12:00:00+09:00,42500.0,42850.0,42500.0,42700.0,21700
2026-08-19 13:00:00+09:00,42600.0,42800.0,42450.0,42500.0,23145
2026-08-19 14:00:00+09:00,42500.0,42650.0,42250.0,42300.0,32713
2026-08-20 09:00:00+09:00,42700.0,43500.0,42600.0,43100.0,32445
2026-08-20 10:00:00+09:00,43100.0,43300.0,42900.0,43050.0,22179
2026-08-20 11:00:00+09:00,43100.0,43150.0,42950.0,43100.0,21586
2026-08-20 12:00:00+09:00,43100.0,43150.0,42750.0,42800.0,18220
2026-08-20 13:00:00+09:00,42800.0,43050.0,42650.0,42650.0,23094
2026-08-20 14:00:00+09:00,42650.0,42800.0,42550.0,42600.0,19659
2026-08-21 09:00:00+09:00,42250.0,42450.0,41450.0,41550.0,42806
2026-08-21 10:00:00+09:00,41550.0,41600.0,41300.0,41450.0,38445
2026-08-21 11:00:00+09:00,41500.0,41550.0,41200.0,41400.0,27915
2026-08-21 12:00:00+09:00,41400.0,41850.0,41400.0,41600.0,18753
2026-08-21 13:00:00+09:00,41600.0,42150.0,41500.0,42050.0,23595
2026-08-21 14:00:00+09:00,42100.0,42300.0,41800.0,42250.0,36065
2026-08-24 09:00:00+09:00,42550.0,42750.0,42050.0,42200.0,0
2026-08-24 10:00:00+09:00,42250.0,42350.0,42000.0,42000.0,12818
2026-08-24 11:00:00+09:00,42000.0,42300.0,42000.0,42150.0,7731
2026-08-24 12:00:00+09:00,42150.0,42150.0,41900.0,41950.0,14657
2026-08-24 13:00:00+09:00,41950.0,42100.0,41800.0,42050.0,18439
2026-08-24 14:00:00+09:00,42050.0,42200.0,41900.0,42100.0,22991
2026-08-25 09:00:00+09:00,42250.0,42300.0,41300.0,41600.0,40226
2026-08-25 10:00:00+09:00,41600.0,41750.0,41000.0,41450.0,65072
2026-08-25 11:00:00+09:00,41450.0,41550.0,41250.0,41300.0,36425
2026-08-25 12:00:00+09:00,41350.0,41550.0,41250.0,41450.0,39736
2026-08-25 13:00:00+09:00,41500.0,41850.0,41450.0,41800.0,46460
2026-08-25 14:00:00+09:00,41800.0,41900.0,41600.0,41700.0,55179
2026-08-26 09:00:00+09:00,42250.0,42350.0,41850.0,42000.0,33640
2026-08-26 10:00:00+09:00,42000.0,42300.0,41900.0,42150.0,29036
2026-08-26 11:00:00+09:00,42200.0,42300.0,42000.0,42000.0,20769
2026-08-26 12:00:00+09:00,42000.0,42300.0,42000.0,42200.0,22246
2026-08-26 13:00:00+09:00,42250.0,42350.0,42200.0,42200.0,18789
2026-08-26 14:00:00+09:00,42250.0,42750.0,42200.0,42700.0,31902
2026-08-27 09:00:00+09:00,42850.0,43100.0,42250.0,42350.0,35586
2026-08-27 10:00:00+09:00,42300.0,42500.0,42000.0,42200.0,27409
2026-08-27 11:00:00+09:00,42200.0,42300.0,42100.0,42250.0,16435
2026-08-27 12:00:00+09:00,42250.0,42300.0,42150.0,42150.0,14786
2026-08-27 13:00:00+09:00,42200.0,42300.0,42050.0,42100.0,25110
2026-08-27 14:00:00+09:00,42100.0,42200.0,42000.0,42100.0,30319
2026-08-28 09:00:00+09:00,42100.0,42300.0,41750.0,42050.0,31052
2026-08-28 10:00:00+09:00,42100.0,42300.0,41850.0,42200.0,13369
2026-08-28 11:00:00+09:00,42200.0,42650.0,42200.0,42500.0,22585
2026-08-28 12:00:00+09:00,42550.0,42900.0,42500.0,42750.0,22264
2026-08-28 13:00:00+09:00,42800.0,43100.0,42600.0,43000.0,27092
2026-08-28 14:00:00+09:00,43000.0,43000.0,42700.0,42800.0,10913
2026-08-31 09:00:00+09:00,43850.0,44550.0,43100.0,43400.0,0
2026-08-31 10:00:00+09:00,43450.0,43650.0,42950.0,43350.0,30830
2026-08-31 11:00:00+09:00,43400.0,44400.0,43300.0,44250.0,51337
2026-08-31 12:00:00+09:00,44250.0,44350.0,43900.0,44050.0,23512
2026-08-31 13:00:00+09:00,44100.0,44450.0,44050.0,44300.0,32574
2026-08-31 14:00:00+09:00,44350.0,44450.0,44000.0,44350.0,37426
2026-09-01 09:00:00+09:00,43700.0,45500.0,43200.0,43450.0,99281
2026-09-01 10:00:00+09:00,43450.0,44000.0,43450.0,43750.0,31188
2026-09-01 11:00:00+09:00,43750.0,43825.0,43400.0,43800.0,13125
2026-09-01 12:00:00+09:00,43800.0,43900.0,43700.0,43900.0,6648
2026-09-01 13:00:00+09:00,43900.0,44600.0,43700.0,44550.0,32114
2026-09-01 14:00:00+09:00,44550.0,45200.0,44250.0,45150.0,71384
2026-09-02 09:00:00+09:00,43850.0,43850.0,43000.0,43150.0,48199
2026-09-02 10:00:00+09:00,43150.0,43350.0,42550.0,42800.0,47011
2026-09-02 11:00:00+09:00,42850.0,42950.0,42650.0,42750.0,19094
2026-09-02 12:00:00+09:00,42750.0,42800.0,42550.0,42650.0,15210
2026-09-02 13:00:00+09:00,42650.0,42700.0,42500.0,42650.0,21751
2026-09-02 14:00:00+09:00,42650.0,42650.0,42350.0,42500.0,39106
2026-09-03 09:00:00+09:00,42450.0,42800.0,41800.0,42600.0,41203
2026-09-03 10:00:00+09:00,42600.0,42700.0,42050.0,42100.0,16632
2026-09-03 11:00:00+09:00,42150.0,42300.0,42050.0,42100.0,10574
2026-09-03 12:00:00+09:00,42150.0,42350.0,42100.0,42200.0,14252
2026-09-03 13:00:00+09:00,42200.0,42300.0,42100.0,42150.0,13443
2026-09-03 14:00:00+09:00,42175.0,42200.0,41400.0,41950.0,75576
2026-09-04 09:00:00+09:00,42100.0,43050.0,41950.0,42150.0,60103
2026-09-04 10:00:00+09:00,42200.0,42500.0,42000.0,42500.0,15272
2026-09-04 11:00:00+09:00,42500.0,42650.0,42300.0,42600.0,9565
2026-09-04 12:00:00+09:00,42600.0,42600.0,42250.0,42400.0,7089
2026-09-04 13:00:00+09:00,42400.0,42500.0,42150.0,42150.0,11135
2026-09-04 14:00:00+09:00,42150.0,42350.0,42150.0,42300.0,13968
2026-09-07 09:00:00+09:00,42450.0,42550.0,42150.0,42400.0,0
2026-09-07 10:00:00+09:00,42350.0,42550.0,42350.0,42400.0,13439
2026-09-07 11:00:00+09:00,42400.0,42550.0,42350.0,42500.0,7385
2026-09-07 12:00:00+09:00,42500.0,42500.0,42350.0,42400.0,11302
2026-09-07 13:00:00+09:00,42350.0,42550.0,42250.0,42450.0,15525
2026-09-07 14:00:00+09:00,42450.0,42850.0,42400.0,42800.0,29567
2026-09-08 09:00:00+09:00,42950.0,43450.0,42400.0,42550.0,33197
2026-09-08 10:00:00+09:00,42550.0,42650.0,42400.0,42450.0,21233
2026-09-08 11:00:00+09:00,42500.0,42550.0,42350.0,42400.0,35127
2026-09-08 12:00:00+09:00,42350.0,42450.0,42200.0,42300.0,36483
2026-09-08 13:00:00+09:00,42300.0,42400.0,42200.0,42300.0,45087
2026-09-08 14:00:00+09:00,42350.0,42550.0,42150.0,42250.0,52162
2026-09-09 09:00:00+09:00,42000.0,42100.0,41800.0,41850.0,26241
2026-09-09 10:00:00+09:00,41850.0,41950.0,41500.0,41550.0,60822
2026-09-09 11:00:00+09:00,41550.0,41750.0,41550.0,41700.0,16550
2026-09-09 12:00:00+09:00,41700.0,41800.0,41600.0,41700.0,14489
2026-09-09 13:00:00+09:00,41700.0,41800.0,41650.0,41750.0,12127
2026-09-09 14:00:00+09:00,41700.0,41800.0,41600.0,41650.0,35477
2026-09-10 09:00:00+09:00,41600.0,41600.0,41150.0,41200.0,47548
2026-09-10 10:00:00+09:00,41200.0,41250.0,40950.0,41050.0,50174
2026-09-10 11:00:00+09:00,41100.0,41250.0,41000.0,41100.0,19289
2026-09-10 12:00:00+09:00,41100.0,41400.0,41050.0,41400.0,9802
2026-09-10 13:00:00+09:00,41300.0,41550.0,41300.0,41500.0,9966
2026-09-10 14:00:00+09:00,41500.0,41650.0,41500.0,41550.0,13423
2026-09-11 09:00:00+09:00,40850.0,41825.0,40850.0,41450.0,26073
2026-09-11 10:00:00+09:00,41450.0,41600.0,41200.0,41300.0,20029
2026-09-11 11:00:00+09:00,41300.0,41400.0,41150.0,41300.0,11764
2026-09-11 12:00:00+09:00,41250.0,41300.0,41050.0,41200.0,12020
2026-09-11 13:00:00+09:00,41200.0,41350.0,41100.0,41150.0,10282
2026-09-11 14:00:00+09:00,41150.0,41300.0,41050.0,41200.0,16935
2026-09-14 09:00:00+09:00,40850.0,41100.0,40800.0,41050.0,0
2026-09-14 10:00:00+09:00,41000.0,41250.0,40900.0,41150.0,9881
2026-09-14 11:00:00+09:00,41125.0,41550.0,41100.0,41500.0,14703
2026-09-14 12:00:00+09:00,41500.0,41550.0,41350.0,41500.0,8903
2026-09-14 13:00:00+09:00,41500.0,41650.0,41500.0,41650.0,12063
2026-09-14 14:00:00+09:00,41650.0,41650.0,41250.0,41500.0,16096
2026-09-15 09:00:00+09:00,41150.0,41500.0,41050.0,41350.0,16471
2026-09-15 10:00:00+09:00,41400.0,41450.0,41250.0,41400.0,6219
2026-09-15 11:00:00+09:00,41400.0,41450.0,41150.0,41200.0,17911
2026-09-15 12:00:00+09:00,41200.0,41250.0,41050.0,41100.0,13281
2026-09-15 13:00:00+09:00,41100.0,41150.0,40950.0,41000.0,24224
2026-09-15 14:00:00+09:00,40950.0,41225.0,40800.0,40950.0,28992
2026-09-16 09:00:00+09:00,40700.0,40850.0,40550.0,40600.0,22568
2026-09-16 10:00:00+09:00,40550.0,40750.0,40350.0,40350.0,32457
2026-09-16 11:00:00+09:00,40400.0,40700.0,40300.0,40700.0,26241
2026-09-16 12:00:00+09:00,40650.0,40850.0,40550.0,40800.0,23123
2026-09-16 13:00:00+09:00,40800.0,40850.0,40600.0,40650.0,22063
2026-09-16 14:00:00+09:00,40700.0,40750.0,40450.0,40550.0,25752
2026-09-17 09:00:00+09:00,40700.0,40900.0,40600.0,40750.0,16446
2026-09-17 10:00:00+09:00,40750.0,40950.0,40700.0,40850.0,8450
2026-09-17 11:00:00+09:00,40850.0,40850.0,40700.0,40750.0,4901
2026-09-17 12:00:00+09:00,40750.0,40800.0,40700.0,40800.0,3632
2026-09-17 13:00:00+09:00,40800.0,40900.0,40700.0,40850.0,11690
2026-09-17 14:00:00+09:00,40800.0,40850.0,40500.0,40550.0,12968
2026-09-18 09:00:00+09:00,41100.0,41150.0,40600.0,40650.0,15267
2026-09-18 10:00:00+09:00,40600.0,40750.0,40600.0,40700.0,8058
2026-09-18 11:00:00+09:00,40700.0,40800.0,40550.0,40650.0,15107
2026-09-18 12:00:00+09:00,40650.0,40700.0,40550.0,40700.0,22290
2026-09-18 13:00:00+09:00,40700.0,40700.0,40400.0,40450.0,22660
2026-09-18 14:00:00+09:00,40450.0,40600.0,40400.0,40550.0,61307
2026-09-21 09:00:00+09:00,40850.0,40850.0,40200.0,40300.0,31392
2026-09-21 10:00:00+09:00,40300.0,40450.0,40275.0,40300.0,10901
2026-09-21 11:00:00+09:00,40350.0,40450.0,40300.0,40450.0,5249
2026-09-21 12:00:00+09:00,40450.0,40500.0,40400.0,40400.0,6337
2026-09-21 13:00:00+09:00,40450.0,40450.0,40200.0,40250.0,21784
2026-09-21 14:00:00+09:00,40200.0,40300.0,40150.0,40200.0,14195
