scan,hour,rank,code,name,pattern,score,signal_bar,lag_minutes,volume_ratio,hit,entry_price,target_price,hit_bar,sessions_to_hit,return_pct,status,hit_1d,hit_3d,hit_5d,date,atr_pct,extension_atr,return12,trend60,above60,slope26
2026-09-07 13:00:00+09:00,13,4,000250,삼천당제약,rebound,83.67039059622752,2026-09-07 12:00:00+09:00,0,1.642864510018405,False,162200.0,170310.0,,,-2.83600493218249,OPEN_MARK_TO_MARKET,False,False,False,2026-09-07,1.5104808877928484,0.9309262166404978,3.3121019108280247,-0.45720961147253103,False,-0.16807126221516366
2026-09-14 10:00:00+09:00,10,5,000670,영풍,base_breakout,74.37850368809275,2026-09-14 09:00:00+09:00,0,57.72974832310955,False,49900.0,52395.0,,,0.1002004008016088,OPEN_MARK_TO_MARKET,False,,,2026-09-14,2.614987820604671,7.845310853530032,27.493606138107406,-0.018869111264863125,True,0.7875556425182229
2026-09-01 13:00:00+09:00,13,2,0007C0,아크릴,rebound,78.48392008083253,2026-09-01 12:00:00+09:00,0,14.948424549272309,True,15840.0,16632.0,2026-09-01 13:00:00+09:00,1.0,5.0,TARGET,True,True,True,2026-09-01,3.4000721500721496,1.2208222811671088,3.529411764705892,-1.1597454062547974,True,0.5399554282075725
2026-09-01 14:00:00+09:00,14,2,0007C0,아크릴,rebound,80.737384531952,2026-09-01 13:00:00+09:00,0,13.096238585157716,True,16530.0,17356.5,2026-09-01 14:00:00+09:00,1.0,5.0,TARGET,True,True,True,2026-09-01,4.553301683211049,1.7406853809697416,9.820836098208364,-0.9865437553371437,True,0.7168732125834243
2026-09-02 09:00:00+09:00,9,1,0007C0,아크릴,rebound,84.2750539691488,2026-09-01 14:00:00+09:00,0,14.768505657062128,True,17030.0,17881.5,2026-09-11 09:00:00+09:00,8.0,5.0,TARGET,False,False,False,2026-09-02,4.970588235294118,2.0166135639508416,13.107119095143037,-0.7560652704448612,True,0.9237289210896948
2026-09-02 10:00:00+09:00,10,1,0007C0,아크릴,rebound,88.64535005434212,2026-09-02 09:00:00+09:00,0,15.945168611731036,True,16510.0,17335.5,2026-09-03 09:00:00+09:00,2.0,5.0,TARGET,False,True,True,2026-09-02,5.412304231201869,1.31085900510361,15.535339398180547,-0.5352012068680523,True,1.0285120774170542
2026-09-11 12:00:00+09:00,12,2,0007C0,아크릴,rebound,84.70105947229152,2026-09-11 11:00:00+09:00,0,15.733162748954532,True,17800.0,18690.0,2026-09-14 09:00:00+09:00,2.0,5.0,TARGET,False,,,2026-09-11,3.647758315924795,2.0684513724161295,9.753086419753076,0.990099009900991,True,1.4093864186399685
2026-09-11 13:00:00+09:00,13,1,0007C0,아크릴,rebound,87.6369152767405,2026-09-11 12:00:00+09:00,0,5.067473973423525,True,17420.0,18291.0,2026-09-14 09:00:00+09:00,2.0,5.0,TARGET,False,,,2026-09-11,3.8010496965720844,1.4236992780682114,7.068223724646594,1.1984750510773745,True,1.1259560003776814
2026-09-10 13:00:00+09:00,13,5,0011A0,액스비스,rebound,74.92478439543902,2026-09-10 12:00:00+09:00,0,13.149820625667504,True,11900.0,12495.0,2026-09-11 10:00:00+09:00,2.0,5.0,TARGET,False,True,,2026-09-10,5.3181272509003605,3.2702726167737457,7.110711071107101,2.6781535640264087,True,4.42047636556766
2026-09-10 14:00:00+09:00,14,1,0011A0,액스비스,rebound,84.37432249322492,2026-09-10 13:00:00+09:00,0,9.76398066628972,True,11200.0,11760.0,2026-09-11 09:00:00+09:00,2.0,5.0,TARGET,False,True,,2026-09-10,6.2699120683063585,1.7954190118824254,0.900090009000909,2.887151604026039,True,4.40802486578129
2026-09-08 13:00:00+09:00,13,5,001210,금호전기,rebound,67.88476396263783,2026-09-08 12:00:00+09:00,0,1.3378040122730044,True,12670.0,13303.5,2026-09-14 09:00:00+09:00,5.0,5.0,TARGET,False,False,True,2026-09-08,3.738001129305477,0.23669532884034247,5.41666666666667,3.351879699248128,True,-0.8907941140702813
2026-09-09 14:00:00+09:00,14,1,001230,동국홀딩스,rebound,77.85155206310044,2026-09-09 13:00:00+09:00,0,2.899648087239852,True,2055.0,2157.75,2026-09-14 14:00:00+09:00,4.0,5.0,TARGET,False,False,,2026-09-09,1.5258950295446647,1.6251971263360818,2.9043565348022105,-0.009931061878798442,True,0.0
2026-09-10 09:00:00+09:00,9,1,001230,동국홀딩스,rebound,82.10883696249546,2026-09-09 14:00:00+09:00,0,2.912677715190386,True,2035.0,2136.75,2026-09-14 14:00:00+09:00,3.0,5.0,TARGET,False,True,,2026-09-10,1.5600138360428917,1.8505884359542868,3.2499999999999973,0.06623009992465789,True,0.16328882912304277
2026-09-10 10:00:00+09:00,10,3,001230,동국홀딩스,rebound,81.28062242162302,2026-09-10 09:00:00+09:00,0,1.7101017029083354,True,2040.0,2142.0,2026-09-14 14:00:00+09:00,3.0,5.0,TARGET,False,True,,2026-09-10,1.701012923506811,1.1222555678407804,4.764344262295084,0.07120973751759685,True,0.16324178989821636
2026-09-03 10:00:00+09:00,10,2,001450,현대해상,rebound,77.14101813940775,2026-09-03 09:00:00+09:00,0,2.3053525209540604,False,53700.0,56385.0,,,-5.400372439478584,OPEN_MARK_TO_MARKET,False,False,False,2026-09-03,2.3610002660281992,1.3271939328277333,2.285714285714291,0.5403802431711124,True,0.838801073665385
2026-09-03 11:00:00+09:00,11,2,001450,현대해상,rebound,81.0119838179689,2026-09-03 10:00:00+09:00,0,2.366497295779585,False,53300.0,55965.0,,,-4.690431519699811,OPEN_MARK_TO_MARKET,False,False,False,2026-09-03,2.3073836276083464,0.9739130434782609,0.18761726078799779,0.5991572293916336,True,0.9220701963117195
2026-09-03 12:00:00+09:00,12,3,001450,현대해상,rebound,77.11655781050513,2026-09-03 11:00:00+09:00,0,2.104045433473115,False,53800.0,56490.0,,,-5.576208178438657,OPEN_MARK_TO_MARKET,False,False,False,2026-09-03,2.0047796070100903,1.3461538461538471,0.7490636704119868,0.6975060867276506,True,0.9755916611024373
2026-09-11 14:00:00+09:00,14,3,001450,현대해상,rebound,74.06349355444257,2026-09-11 13:00:00+09:00,0,1.2072528650525125,False,51600.0,54180.0,,,-1.5503875968992276,OPEN_MARK_TO_MARKET,False,,,2026-09-11,1.5849944629014396,1.758817601612362,5.413687436159353,0.07960489976281959,True,0.21515291224833977
2026-09-09 09:00:00+09:00,9,2,0015N0,아로마티카,rebound,77.230593036815,2026-09-08 14:00:00+09:00,0,3.5331111388482306,True,10470.0,10993.5,2026-09-10 09:00:00+09:00,2.0,5.0,TARGET,False,True,,2026-09-09,4.581043956043956,1.1431207473186487,3.1746031746031855,0.49783988119345146,True,-0.1675302918143884
2026-09-09 10:00:00+09:00,10,5,0015N0,아로마티카,rebound,80.40593112094355,2026-09-09 09:00:00+09:00,0,3.2706443693480125,True,10480.0,11004.0,2026-09-10 09:00:00+09:00,2.0,5.0,TARGET,False,True,,2026-09-09,4.7369138495092695,1.2434975096845584,9.280500521376434,0.6850355172355549,True,-0.007798791187363374
2026-09-09 11:00:00+09:00,11,1,0015N0,아로마티카,rebound,85.59527646030303,2026-09-09 10:00:00+09:00,0,3.298190474373436,True,10180.0,10689.0,2026-09-10 09:00:00+09:00,2.0,5.0,TARGET,False,True,,2026-09-09,4.988773505472916,0.620253164556962,8.297872340425538,0.7537688442211143,True,0.12882573391630459
2026-09-11 13:00:00+09:00,13,3,0015N0,아로마티카,rebound,79.59052506175274,2026-09-11 12:00:00+09:00,0,3.405757905231395,True,10770.0,11308.5,2026-09-11 13:00:00+09:00,1.0,5.0,TARGET,True,,,2026-09-11,4.2711234911792015,1.4264214046822734,8.45921450151057,1.2423901535203896,True,1.458445867736713
2026-09-11 14:00:00+09:00,14,1,0015N0,아로마티카,rebound,78.594432470994,2026-09-11 13:00:00+09:00,0,5.898191963375079,True,11150.0,11707.5,2026-09-14 10:00:00+09:00,2.0,5.0,TARGET,False,,,2026-09-11,4.559406573730656,1.9333261408997737,10.049261083743843,1.2498555318902982,True,1.9401031642158895
2026-09-14 10:00:00+09:00,10,2,0015N0,아로마티카,rebound,77.51587236470866,2026-09-14 09:00:00+09:00,0,2.736771515426897,True,11520.0,12096.0,2026-09-14 10:00:00+09:00,1.0,5.0,TARGET,True,,,2026-09-14,5.167701863354038,1.9719859467455607,13.748763600395652,1.1815164163407443,True,2.1181928810465545
2026-09-08 09:00:00+09:00,9,4,001820,삼화콘덴서,rebound,76.97371426817675,2026-09-07 14:00:00+09:00,0,1.4067107109632468,True,116800.0,122640.0,2026-09-11 09:00:00+09:00,4.0,5.0,TARGET,False,False,True,2026-09-08,2.7584947022287176,1.4763117677024964,10.66037735849057,2.182931187172743,True,0.48773785807514347
2026-09-01 11:00:00+09:00,11,4,002380,KCC,rebound,75.41917940352138,2026-09-01 10:00:00+09:00,0,1.4916173570019724,True,479000.0,502950.0,2026-09-08 09:00:00+09:00,6.0,5.0,TARGET,False,False,False,2026-09-01,1.6386116490391776,1.2433566433566412,3.7878787878787845,0.24325639223741202,True,0.6261843948257351
2026-09-01 12:00:00+09:00,12,4,002380,KCC,rebound,77.14353588360368,2026-09-01 11:00:00+09:00,0,1.728155339805825,True,482000.0,506100.0,2026-09-08 11:00:00+09:00,6.0,5.0,TARGET,False,False,False,2026-09-01,1.5708358032009484,1.5214078374455708,2.991452991452981,0.30619045046018645,True,0.650018513185513
2026-09-01 13:00:00+09:00,13,3,002380,KCC,rebound,66.57083830733852,2026-09-01 12:00:00+09:00,0,1.2176709248721909,True,485500.0,509775.0,2026-09-08 11:00:00+09:00,6.0,5.0,TARGET,False,False,False,2026-09-01,1.557907113462669,1.940493468795355,2.748414376321362,0.40516449678569266,True,0.5703968156264061
2026-09-09 10:00:00+09:00,10,2,003350,한국화장품제조,rebound,81.48276975714842,2026-09-09 09:00:00+09:00,0,2.025112013577265,True,13170.0,13828.5,2026-09-11 09:00:00+09:00,3.0,5.0,TARGET,False,True,,2026-09-09,2.1829916476841307,1.1451505016722419,4.440919904837437,-0.7027654672235317,False,-0.6856751892671764
2026-09-09 11:00:00+09:00,11,2,003350,한국화장품제조,rebound,85.56088191426647,2026-09-09 10:00:00+09:00,0,2.2595031044016496,True,13150.0,13807.5,2026-09-11 09:00:00+09:00,3.0,5.0,TARGET,False,True,,2026-09-09,2.267789244975557,1.0678949792722265,5.115907274180653,-0.7859789148380814,False,-0.5440534215743309
2026-09-09 12:00:00+09:00,12,5,003350,한국화장품제조,rebound,79.26025752762422,2026-09-09 11:00:00+09:00,0,1.8679630130172196,True,13160.0,13818.0,2026-09-11 09:00:00+09:00,3.0,5.0,TARGET,False,True,,2026-09-09,2.103234910985671,1.1922580645161291,3.785488958990535,-0.8294004810766364,False,-0.29292204686753864
2026-09-01 09:00:00+09:00,9,2,0039P0,매드업,rebound,80.98235801605418,2026-08-31 14:00:00+09:00,0,4.919348689421813,True,8260.0,8673.0,2026-09-01 09:00:00+09:00,1.0,5.0,TARGET,True,True,True,2026-09-01,4.536410664544369,0.6329284750337368,4.512372634643369,-1.8963171063605677,False,0.2709727368246373
2026-09-01 14:00:00+09:00,14,4,0039P0,매드업,rebound,47.63763936655372,2026-09-01 13:00:00+09:00,0,1.016559477333813,True,8940.0,9387.0,2026-09-03 09:00:00+09:00,3.0,5.0,TARGET,False,True,True,2026-09-01,5.329178651326302,3.2210817668089033,28.44827586206897,1.4419642857142811,True,3.655450874831767
2026-09-10 11:00:00+09:00,11,4,0039P0,매드업,rebound,78.34852627423598,2026-09-10 10:00:00+09:00,0,3.124028212748608,True,9730.0,10216.5,2026-09-11 09:00:00+09:00,2.0,5.0,TARGET,False,True,,2026-09-10,4.372427983539095,1.8470588235294119,5.652173913043468,2.7005495066696694,True,1.5696047569080163
2026-09-10 12:00:00+09:00,12,1,0039P0,매드업,rebound,84.93439633761244,2026-09-10 11:00:00+09:00,0,3.5381353248070497,True,9510.0,9985.5,2026-09-10 13:00:00+09:00,1.0,5.0,TARGET,True,True,,2026-09-10,4.386360222322367,1.2474973656480501,2.0386266094420513,2.7825803958261286,True,1.9186325382636316
2026-09-10 13:00:00+09:00,13,3,0039P0,매드업,rebound,80.23637226572747,2026-09-10 12:00:00+09:00,0,2.312999459119684,True,9800.0,10290.0,2026-09-11 09:00:00+09:00,2.0,5.0,TARGET,False,True,,2026-09-10,4.526239067055393,1.6734794995664544,4.477611940298498,2.9562539257998344,True,2.089474596844143
2026-09-03 11:00:00+09:00,11,1,004020,현대제철,rebound,82.45078231729815,2026-09-03 10:00:00+09:00,0,3.545480932768996,True,31400.0,32970.0,2026-09-08 09:00:00+09:00,4.0,5.0,TARGET,False,False,True,2026-09-03,2.5136487716105553,1.0391576749042823,1.9480519480519431,0.7287929719499431,True,-0.238401455503634
2026-09-03 12:00:00+09:00,12,1,004020,현대제철,rebound,84.0031201207007,2026-09-03 11:00:00+09:00,0,3.5703579364487434,True,31550.0,33127.5,2026-09-08 09:00:00+09:00,4.0,5.0,TARGET,False,False,True,2026-09-03,2.1847407742811864,1.3726584296532502,2.7687296416938123,0.7958233385071178,True,0.06602320243971338
2026-09-03 13:00:00+09:00,13,2,004020,현대제철,rebound,76.78994144801197,2026-09-03 12:00:00+09:00,0,1.868269214306504,True,31750.0,33337.5,2026-09-08 09:00:00+09:00,4.0,5.0,TARGET,False,False,True,2026-09-03,2.1034870641169854,1.6556972439325375,3.420195439739415,0.8853050637193993,True,0.17917203658881498
2026-09-03 14:00:00+09:00,14,3,004020,현대제철,rebound,66.68806302690722,2026-09-03 13:00:00+09:00,0,1.016097545979264,True,32000.0,33600.0,2026-09-08 11:00:00+09:00,4.0,5.0,TARGET,False,False,True,2026-09-03,2.1205357142857144,1.938461538461541,4.065040650406515,0.9773271370229653,True,0.34273496211048027
2026-09-04 09:00:00+09:00,9,3,004020,현대제철,rebound,72.39621162541893,2026-09-03 14:00:00+09:00,0,1.4976029036035894,True,31550.0,33127.5,2026-09-08 09:00:00+09:00,3.0,5.0,TARGET,False,True,True,2026-09-04,2.295118674429019,1.6075046904315213,3.0694668820678617,1.069097456673429,True,0.38959406811611696
2026-09-02 10:00:00+09:00,10,2,004090,한국석유,rebound,80.60937953153508,2026-09-02 09:00:00+09:00,0,29.681729057452024,True,11350.0,11917.5,2026-09-10 09:00:00+09:00,7.0,5.0,TARGET,False,False,False,2026-09-02,1.5859030837004406,0.7895299145299153,1.7937219730941756,0.14106806534153193,True,0.15810548385433165
2026-09-02 12:00:00+09:00,12,3,004090,한국석유,rebound,81.96464206984572,2026-09-02 11:00:00+09:00,0,32.73787506078493,True,11350.0,11917.5,2026-09-10 09:00:00+09:00,7.0,5.0,TARGET,False,False,False,2026-09-02,1.4977973568281937,0.774886877828056,1.3392857142857206,0.26709281475312263,True,0.17859902800914096
2026-09-09 12:00:00+09:00,12,4,004090,한국석유,rebound,79.94976668109891,2026-09-09 11:00:00+09:00,0,2.8487518355359747,True,11530.0,12106.5,2026-09-10 09:00:00+09:00,2.0,5.0,TARGET,False,True,,2026-09-09,1.2699789369347043,1.0375234521575938,0.6986899563318882,0.2353202353202244,True,0.31195958088907627
2026-09-02 09:00:00+09:00,9,2,004170,신세계,base_breakout,74.22203964355847,2026-09-01 14:00:00+09:00,0,2.058906644843341,False,424000.0,445200.0,,,-11.910377358490564,OPEN_MARK_TO_MARKET,False,False,False,2026-09-02,2.0,2.8967032967032997,8.426270136307302,-0.28742711669541565,True,0.45936064497984486
2026-09-07 11:00:00+09:00,11,1,006340,대원전선,rebound,81.41599298587406,2026-09-07 10:00:00+09:00,0,2.107487255145198,False,13350.0,14017.5,,,-2.9962546816479363,OPEN_MARK_TO_MARKET,False,False,False,2026-09-07,2.0530367835757057,1.4891826923076943,5.947660586835846,-0.22253616212634109,True,-0.37867581799894134
2026-09-07 12:00:00+09:00,12,1,006340,대원전선,rebound,86.92483710598442,2026-09-07 11:00:00+09:00,0,1.973096478865337,False,13340.0,14007.0,,,-2.923538230884559,OPEN_MARK_TO_MARKET,False,False,False,2026-09-07,1.756264724780467,1.6695590994371465,6.549520766773154,-0.1251047752492629,True,-0.20452928622243238
2026-09-07 13:00:00+09:00,13,1,006340,대원전선,rebound,92.25392639166309,2026-09-07 12:00:00+09:00,0,2.2073234983096763,False,13270.0,13933.5,,,-2.4114544084400946,OPEN_MARK_TO_MARKET,False,False,False,2026-09-07,1.7278501453331898,1.3838964773544176,4.323899371069184,-0.008763583554505239,False,-0.07121450402064466
2026-09-08 11:00:00+09:00,11,5,010170,대한광통신,rebound,81.07485903630656,2026-09-08 10:00:00+09:00,0,7.498064371037604,True,14135.0,14841.75,2026-09-09 09:00:00+09:00,2.0,5.0,TARGET,False,True,True,2026-09-08,2.4239207360226467,2.363840539023021,9.875583203732496,0.625484812293009,True,0.5676950998185104
2026-09-08 14:00:00+09:00,14,3,010580,에스엠벡셀,base_breakout,73.19880576044957,2026-09-08 13:00:00+09:00,0,49.68134918132611,True,2065.0,2168.25,2026-09-08 14:00:00+09:00,1.0,5.0,TARGET,True,True,True,2026-09-08,3.030093393289519,5.33113804004215,21.399176954732503,1.6243328274045954,True,0.5337442494081968
2026-09-09 09:00:00+09:00,9,3,010580,에스엠벡셀,rebound,72.92043755158895,2026-09-08 14:00:00+09:00,0,85.88740753522791,True,2045.0,2147.25,2026-09-09 09:00:00+09:00,1.0,5.0,TARGET,True,True,,2026-09-09,3.7588652482269502,4.654088050314465,24.484991171277226,2.042782036360702,True,1.4013365219140317
2026-09-07 10:00:00+09:00,10,1,012210,삼미금속,base_breakout,82.46100053792358,2026-09-07 09:00:00+09:00,0,3.635668044224606,True,9080.0,9534.0,2026-09-07 10:00:00+09:00,1.0,5.0,TARGET,True,True,True,2026-09-07,3.393450403417181,2.035861574323114,8.403361344537807,1.0852494664358003,True,-0.28287252486540737
2026-09-07 11:00:00+09:00,11,2,012210,삼미금속,rebound,80.22319434819441,2026-09-07 10:00:00+09:00,0,20.96427135247978,True,9080.0,9534.0,2026-09-07 11:00:00+09:00,1.0,5.0,TARGET,True,True,True,2026-09-07,4.074889867841409,1.788981288981287,9.265944645006009,1.3049685319606708,True,0.050283415615282046
2026-09-07 14:00:00+09:00,14,5,012210,삼미금속,rebound,72.72428284382886,2026-09-07 13:00:00+09:00,0,25.95608060808739,True,10110.0,10615.5,2026-09-08 09:00:00+09:00,2.0,5.0,TARGET,False,True,True,2026-09-07,4.790165324289954,3.0774903562514178,19.786729857819907,2.5521438007926722,True,2.3941152282176636
2026-09-01 13:00:00+09:00,13,5,014950,삼익제약,rebound,62.26014174741776,2026-09-01 12:00:00+09:00,0,5.121097888801679,True,6460.0,6783.0,2026-09-01 13:00:00+09:00,1.0,5.0,TARGET,True,True,True,2026-09-01,4.771118973905352,3.7810856582583114,29.718875502008025,1.3428958847266026,True,3.651833446276642
2026-09-04 14:00:00+09:00,14,2,014950,삼익제약,rebound,85.36987628100657,2026-09-04 13:00:00+09:00,0,4.726145587687332,True,7000.0,7350.0,2026-09-07 09:00:00+09:00,2.0,5.0,TARGET,False,True,True,2026-09-04,5.23469387755102,2.4403958614484935,18.845500848896425,2.295572490532516,True,3.0108364155473355
2026-09-14 11:00:00+09:00,11,1,017900,광전자,rebound,83.90532986027172,2026-09-14 10:00:00+09:00,0,6.182987770226188,True,9390.0,9859.5,2026-09-14 11:00:00+09:00,1.0,5.0,TARGET,True,,,2026-09-14,4.503270956945078,2.6350051975051985,17.375000000000007,1.1435244348477536,True,2.549804594414251
2026-09-14 12:00:00+09:00,12,2,017900,광전자,rebound,78.88056035686668,2026-09-14 11:00:00+09:00,0,9.212447674984586,True,9680.0,10164.0,2026-09-14 12:00:00+09:00,1.0,5.0,TARGET,True,,,2026-09-14,4.52331759149941,3.1262391768101403,21.151439299123908,1.4719795815089531,True,2.5630072618539
2026-09-09 14:00:00+09:00,14,3,020150,롯데에너지머티리얼즈,base_breakout,71.53001165501158,2026-09-09 13:00:00+09:00,0,3.813242366372029,False,42150.0,44257.5,,,-9.84578884934757,OPEN_MARK_TO_MARKET,False,False,,2026-09-09,2.2395656599932137,4.840034965034966,11.08179419525066,1.8337715788270037,True,1.27639703211746
2026-09-10 09:00:00+09:00,9,4,020150,롯데에너지머티리얼즈,rebound,68.8999015667512,2026-09-09 14:00:00+09:00,0,5.778679942946812,True,41000.0,43050.0,2026-09-10 09:00:00+09:00,1.0,5.0,TARGET,True,True,,2026-09-10,2.4122059324923284,4.096493612394674,10.118265440210239,2.0004562043795415,True,1.635695429370032
2026-09-10 11:00:00+09:00,11,3,020150,롯데에너지머티리얼즈,rebound,78.91884963298969,2026-09-10 10:00:00+09:00,0,4.465630026809652,True,40600.0,42630.0,2026-09-11 11:00:00+09:00,2.0,5.0,TARGET,False,True,,2026-09-10,2.9732582688247713,2.015248065543921,6.5616797900262425,2.0648967551622377,True,1.6804139556329867
2026-09-02 10:00:00+09:00,10,4,024060,흥구석유,base_breakout,77.29437191249124,2026-09-02 09:00:00+09:00,0,20.967169845368357,True,11390.0,11959.5,2026-09-03 14:00:00+09:00,2.0,5.0,TARGET,False,True,True,2026-09-02,2.7222777222777226,4.508380381086801,14.51451451451451,-0.6920499841048589,True,1.0847037402909487
2026-09-04 10:00:00+09:00,10,2,030530,원익홀딩스,base_breakout,80.1933715220949,2026-09-04 09:00:00+09:00,0,5.197612591195428,True,19030.0,19981.5,2026-09-04 12:00:00+09:00,1.0,5.0,TARGET,True,True,True,2026-09-04,3.528263643870581,1.4211947626841248,9.304997128087301,-1.0818756041686028,True,-0.26315231001040607
2026-09-04 11:00:00+09:00,11,1,030530,원익홀딩스,rebound,83.99328197498241,2026-09-04 10:00:00+09:00,0,7.139899207816255,True,19210.0,20170.5,2026-09-04 12:00:00+09:00,1.0,5.0,TARGET,True,True,True,2026-09-04,3.8964415719485923,1.6877612378089,10.137457044673548,-0.8250423580728139,True,-0.7205254096792624
2026-09-04 12:00:00+09:00,12,2,030530,원익홀딩스,rebound,87.10806368655926,2026-09-04 11:00:00+09:00,0,5.392081716581418,True,19710.0,20695.5,2026-09-04 13:00:00+09:00,1.0,5.0,TARGET,True,True,True,2026-09-04,3.685583822570124,2.30050676953332,10.606060606060597,-0.5883004898809552,True,-0.08308478909245798
2026-09-04 13:00:00+09:00,13,4,030530,원익홀딩스,rebound,84.41188753717687,2026-09-04 12:00:00+09:00,0,3.854949192318829,True,20350.0,21367.5,2026-09-04 13:00:00+09:00,1.0,5.0,TARGET,True,True,True,2026-09-04,3.748683748683749,2.9398588303082693,15.756541524459621,-0.2599387699786293,True,0.1744792220780056
2026-09-03 13:00:00+09:00,13,3,031980,피에스케이홀딩스,rebound,65.39319292906441,2026-09-03 12:00:00+09:00,0,1.6988976708996826,True,130700.0,137235.0,2026-09-04 09:00:00+09:00,2.0,5.0,TARGET,False,True,True,2026-09-03,2.6033690658499236,2.1538461538461533,5.834683954619124,0.8394929123620276,True,0.19694269905279338
2026-09-03 14:00:00+09:00,14,2,031980,피에스케이홀딩스,rebound,71.56424630144514,2026-09-03 13:00:00+09:00,0,2.669414309659773,True,133600.0,140280.0,2026-09-04 09:00:00+09:00,2.0,5.0,TARGET,False,True,True,2026-09-03,2.664526484751204,2.782051282051281,9.426229508196716,0.9925593347169803,True,0.4657996748780757
2026-09-04 09:00:00+09:00,9,2,031980,피에스케이홀딩스,rebound,74.26274117702432,2026-09-03 14:00:00+09:00,0,3.029531653873543,True,130700.0,137235.0,2026-09-04 09:00:00+09:00,1.0,5.0,TARGET,True,True,True,2026-09-04,2.947845804988662,2.15483234714004,6.779661016949157,1.0841674890737174,True,0.690797699424861
2026-09-04 10:00:00+09:00,10,4,031980,피에스케이홀딩스,base_breakout,77.37034835334681,2026-09-04 09:00:00+09:00,0,3.525379482342636,True,141900.0,148995.0,2026-09-07 09:00:00+09:00,2.0,5.0,TARGET,False,True,True,2026-09-04,3.2568206986811643,3.734276542622757,16.79012345679012,1.4662384855911537,True,1.1075751903157238
2026-09-08 09:00:00+09:00,9,5,032820,우리기술,rebound,76.52152559489905,2026-09-07 14:00:00+09:00,0,1.7970589784970086,True,11300.0,11865.0,2026-09-08 09:00:00+09:00,1.0,5.0,TARGET,True,True,True,2026-09-08,1.69463960447567,1.7177026428465973,4.075829383886265,-0.8120809756593683,False,0.28220992076413154
2026-09-08 10:00:00+09:00,10,4,032820,우리기술,base_breakout,82.82109626900044,2026-09-08 09:00:00+09:00,0,11.221730286999804,True,11460.0,12033.0,2026-09-08 11:00:00+09:00,1.0,5.0,TARGET,True,True,True,2026-09-08,2.6022188980304164,2.578166743436206,10.086455331412104,-0.752027346448958,True,0.4735053856719462
2026-09-01 09:00:00+09:00,9,4,032940,원익,rebound,73.9416927549195,2026-08-31 14:00:00+09:00,0,4.097808392770621,True,8100.0,8505.0,2026-09-01 10:00:00+09:00,1.0,5.0,TARGET,True,True,True,2026-09-01,7.400818359722471,2.768028846153846,31.85550082101807,2.1929092224634017,True,3.9772015533007687
2026-09-01 13:00:00+09:00,13,4,036540,SFA반도체,rebound,65.99055441478514,2026-09-01 12:00:00+09:00,0,1.1737024121235642,True,5850.0,6142.5,2026-09-08 11:00:00+09:00,6.0,5.0,TARGET,False,False,False,2026-09-01,2.04778156996587,1.5496794871794843,3.169014084507049,-0.6847427137282147,True,0.31960830981607735
2026-09-02 09:00:00+09:00,9,3,036540,SFA반도체,rebound,71.58276279048293,2026-09-01 14:00:00+09:00,0,1.1350782967787345,True,5660.0,5943.0,2026-09-02 09:00:00+09:00,1.0,5.0,TARGET,True,True,True,2026-09-02,2.1586223623575065,1.5654710458081273,5.935251798561159,-0.6309148264984299,True,0.4548694796157271
2026-09-02 10:00:00+09:00,10,3,036540,SFA반도체,rebound,78.49871218455306,2026-09-02 09:00:00+09:00,0,1.755725321039265,True,5850.0,6142.5,2026-09-08 11:00:00+09:00,5.0,5.0,TARGET,False,False,True,2026-09-02,2.5274725274725274,1.0209959123002577,7.14285714285714,-0.46600358240254103,True,0.4406032875783783
2026-09-07 13:00:00+09:00,13,5,036540,SFA반도체,rebound,83.4378235486227,2026-09-07 12:00:00+09:00,0,2.221910750675773,True,5930.0,6226.5,2026-09-08 13:00:00+09:00,2.0,5.0,TARGET,False,True,True,2026-09-07,2.0958805107203085,1.2966401414677242,4.035087719298236,0.5655125694004726,True,0.5631914180355357
2026-09-07 14:00:00+09:00,14,4,036540,SFA반도체,rebound,75.69599374909733,2026-09-07 13:00:00+09:00,0,1.4173422346215598,True,5970.0,6268.5,2026-09-08 13:00:00+09:00,2.0,5.0,TARGET,False,True,True,2026-09-07,2.109300095877277,1.4807692307692275,4.929577464788726,0.7127394819385291,True,0.3811434302908756
2026-09-08 14:00:00+09:00,14,5,036540,SFA반도체,base_breakout,72.99535376247323,2026-09-08 13:00:00+09:00,0,1.8778510693918211,True,6260.0,6573.0,2026-09-09 09:00:00+09:00,2.0,5.0,TARGET,False,True,True,2026-09-08,2.4606971975393024,2.9017094017094016,11.764705882352944,0.9328712842333164,True,0.6248338207923476
2026-09-09 09:00:00+09:00,9,5,036540,SFA반도체,rebound,65.32834184321494,2026-09-08 14:00:00+09:00,0,2.1319855686556384,True,6040.0,6342.0,2026-09-09 09:00:00+09:00,1.0,5.0,TARGET,True,True,,2026-09-09,2.687296416938111,1.8484848484848484,9.642857142857153,0.875874049311709,True,0.6969334926324233
2026-09-14 14:00:00+09:00,14,3,040300,YTN,base_breakout,82.19481110605369,2026-09-14 13:00:00+09:00,0,473.318744950175,False,2120.0,2226.0,,,-4.245283018867929,OPEN_MARK_TO_MARKET,False,,,2026-09-14,2.2776280323450133,2.7496586253982693,7.178968655207285,-0.014231181355472966,True,0.19780475507116257
2026-09-04 11:00:00+09:00,11,4,041190,우리기술투자,rebound,79.03172831347891,2026-09-04 10:00:00+09:00,0,10.680704255142931,False,6430.0,6751.5,,,-13.685847589424572,OPEN_MARK_TO_MARKET,False,False,False,2026-09-04,3.2821539830885627,2.306258148631028,10.309278350515472,1.3763228601195499,True,-0.6503750925657581
2026-09-04 12:00:00+09:00,12,1,041190,우리기술투자,rebound,89.05634058504317,2026-09-04 11:00:00+09:00,0,10.910643141961751,False,6380.0,6699.0,,,-13.00940438871473,OPEN_MARK_TO_MARKET,False,False,False,2026-09-04,3.0564263322884013,2.2061143984220903,9.810671256454384,1.2151947182087897,True,0.1943068104537149
2026-09-03 10:00:00+09:00,10,5,041510,에스엠,rebound,62.70128231254502,2026-09-03 09:00:00+09:00,0,1.344529509021638,True,76900.0,80745.0,2026-09-07 10:00:00+09:00,3.0,5.0,TARGET,False,True,True,2026-09-03,1.9923834293145086,1.4685314685314685,2.9451137884872747,0.42012524488430625,True,0.051549048920040974
2026-09-08 12:00:00+09:00,12,4,043260,성호전자,rebound,84.17158314687097,2026-09-08 11:00:00+09:00,0,4.163519178431454,True,17100.0,17955.0,2026-09-09 09:00:00+09:00,2.0,5.0,TARGET,False,True,True,2026-09-08,2.580294412847106,2.263807505298593,8.651399491094146,-0.6128754495264177,True,0.24453394706558385
2026-09-08 13:00:00+09:00,13,1,043260,성호전자,rebound,85.18669434234216,2026-09-08 12:00:00+09:00,0,2.5137097261102475,True,16860.0,17703.0,2026-09-09 09:00:00+09:00,2.0,5.0,TARGET,False,True,True,2026-09-08,2.612414260309933,1.755890786684953,7.726692209450836,-0.42021924482338324,True,0.33805653456089324
2026-09-08 14:00:00+09:00,14,4,043260,성호전자,rebound,73.03072549675896,2026-09-08 13:00:00+09:00,0,1.585994281725565,True,16710.0,17545.5,2026-09-09 09:00:00+09:00,2.0,5.0,TARGET,False,True,True,2026-09-08,2.650252201419167,1.3669975186104215,6.297709923664119,-0.2664984945886517,True,0.27540292645544806
2026-09-02 13:00:00+09:00,13,5,044490,태웅,rebound,74.42676414615403,2026-09-02 12:00:00+09:00,0,3.2673073783954267,True,37075.0,38928.75,2026-09-03 12:00:00+09:00,2.0,5.0,TARGET,False,True,True,2026-09-02,3.7038820922839806,3.05361608482545,20.17828200972447,1.9282584437852135,True,1.964935297274728
2026-09-09 11:00:00+09:00,11,3,044490,태웅,rebound,83.2176999989703,2026-09-09 10:00:00+09:00,0,1.3232193735337006,True,36100.0,37905.0,2026-09-10 13:00:00+09:00,2.0,5.0,TARGET,False,True,,2026-09-09,2.912621359223301,1.3937728937728944,10.582822085889564,1.5575737021265912,True,-0.35182979194946506
2026-09-08 11:00:00+09:00,11,2,046970,우리로,rebound,86.86040592988492,2026-09-08 10:00:00+09:00,0,5.258968335204633,True,5100.0,5355.0,2026-09-09 09:00:00+09:00,2.0,5.0,TARGET,False,True,True,2026-09-08,2.5440313111545985,1.7204142011834287,6.6805845511482165,1.4842560341659095,True,-0.1257812192916874
2026-09-08 12:00:00+09:00,12,2,046970,우리로,rebound,87.04448938830767,2026-09-08 11:00:00+09:00,0,5.440081024980099,True,5100.0,5355.0,2026-09-09 09:00:00+09:00,2.0,5.0,TARGET,False,True,True,2026-09-08,2.4229691876750703,1.7103156958648322,6.029106029106024,1.5880225712339158,True,0.16549115410378068
2026-09-04 10:00:00+09:00,10,1,052710,아모텍,base_breakout,82.79221469376907,2026-09-04 09:00:00+09:00,0,3.5786915978721963,True,11270.0,11833.5,2026-09-09 09:00:00+09:00,4.0,5.0,TARGET,False,False,True,2026-09-04,3.6696666244137406,1.4489172313006518,4.062788550323182,-1.0513894982073335,True,-0.15115525804361152
2026-09-04 11:00:00+09:00,11,3,052710,아모텍,rebound,81.46188327386945,2026-09-04 10:00:00+09:00,0,4.123723740114246,True,11110.0,11665.5,2026-09-07 09:00:00+09:00,2.0,5.0,TARGET,False,True,True,2026-09-04,3.7966537966537968,0.9956975228161672,4.3233082706766846,-0.8944137042370848,True,0.061256846353408
2026-09-02 11:00:00+09:00,11,1,053260,금강철강,base_breakout,83.35818782444541,2026-09-02 10:00:00+09:00,0,4.119327146684693,True,5610.0,5890.5,2026-09-03 09:00:00+09:00,2.0,5.0,TARGET,False,True,True,2026-09-02,2.0753756047873697,1.6880604058518198,5.0561797752809,-0.15361455037020688,True,0.03553660270076975
2026-09-02 12:00:00+09:00,12,2,053260,금강철강,rebound,84.60005629766113,2026-09-02 11:00:00+09:00,0,3.467142859775519,True,5550.0,5827.5,2026-09-03 09:00:00+09:00,2.0,5.0,TARGET,False,True,True,2026-09-02,2.141574762759682,1.328420082911098,4.896421845574395,-0.05532333415293467,True,0.02843736669984054
2026-09-02 13:00:00+09:00,13,1,053260,금강철강,rebound,90.18800904977374,2026-09-02 12:00:00+09:00,0,3.143730686853178,True,5500.0,5775.0,2026-09-03 09:00:00+09:00,2.0,5.0,TARGET,False,True,True,2026-09-02,2.2037853253824213,0.8108597285067844,3.571428571428581,0.021523229714359715,True,0.08536064874093974
2026-09-03 10:00:00+09:00,10,4,053260,금강철강,base_breakout,72.96333572969085,2026-09-03 09:00:00+09:00,0,122.2024366965242,True,6530.0,6856.5,2026-09-07 13:00:00+09:00,3.0,5.0,TARGET,False,True,True,2026-09-03,3.5112666812513673,4.691828420800382,21.37546468401488,0.6216914932906548,True,0.788912579957346
2026-09-03 14:00:00+09:00,14,4,053260,금강철강,rebound,51.97698792708023,2026-09-03 13:00:00+09:00,0,1.9001941276728511,True,6690.0,7024.5,2026-09-07 13:00:00+09:00,3.0,5.0,TARGET,False,True,True,2026-09-03,3.9504591074097797,4.006444906444909,25.2808988764045,1.551554627012397,True,2.3559843400447367
2026-09-07 14:00:00+09:00,14,3,053260,금강철강,rebound,78.96358513123724,2026-09-07 13:00:00+09:00,0,3.6454438687611046,True,6500.0,6825.0,2026-09-08 10:00:00+09:00,2.0,5.0,TARGET,False,True,True,2026-09-07,4.158437568575817,1.7730870712401055,-2.6905829596412523,1.750920355571517,True,2.483984834618891
2026-09-08 09:00:00+09:00,9,2,053260,금강철강,rebound,83.72490105855793,2026-09-07 14:00:00+09:00,0,2.4458555901542605,True,6390.0,6709.5,2026-09-08 10:00:00+09:00,1.0,5.0,TARGET,True,True,True,2026-09-08,4.337133914598704,1.1532513877874706,1.7515923566878921,1.903651903651915,True,2.3740027242654227
2026-09-11 11:00:00+09:00,11,3,053800,안랩,rebound,79.37274564477738,2026-09-11 10:00:00+09:00,0,7.920695290901039,False,59000.0,61950.0,,,3.5593220338983045,OPEN_MARK_TO_MARKET,False,,,2026-09-11,1.1743341404358354,2.6229183187946115,3.5087719298245723,0.024460431654693693,True,0.057204387913034616
2026-09-11 12:00:00+09:00,12,3,053800,안랩,rebound,82.75034359635585,2026-09-11 11:00:00+09:00,0,7.59782639539173,True,58900.0,61845.0,2026-09-14 11:00:00+09:00,2.0,5.0,TARGET,False,,,2026-09-11,1.0811467444120504,2.453327571305097,3.157894736842115,0.027338916227814813,True,0.2323545258620774
2026-09-11 13:00:00+09:00,13,5,053800,안랩,rebound,74.0720237168579,2026-09-11 12:00:00+09:00,0,1.856881976610592,True,58800.0,61740.0,2026-09-14 11:00:00+09:00,2.0,5.0,TARGET,False,,,2026-09-11,1.0689990281827018,2.4016608391608365,2.977232924693518,0.021582733812941512,True,0.2625113586645522
2026-09-14 11:00:00+09:00,11,5,053800,안랩,base_breakout,72.73621872820587,2026-09-14 10:00:00+09:00,0,2.010951993230838,False,61200.0,64260.0,,,-0.1633986928104569,OPEN_MARK_TO_MARKET,False,,,2026-09-14,1.5730598927988817,3.7393162393162425,8.112874779541457,0.13521872347770358,True,0.5901089689857475
2026-09-11 13:00:00+09:00,13,4,054920,한컴위드,rebound,75.63557642878533,2026-09-11 12:00:00+09:00,0,8.912467826917728,False,3975.0,4173.75,,,1.132075471698113,OPEN_MARK_TO_MARKET,False,,,2026-09-11,2.395908111988514,2.7124747911264766,8.594815825375179,-0.19583843329253892,True,0.875775426158576
2026-09-11 14:00:00+09:00,14,5,054920,한컴위드,rebound,67.9536119152497,2026-09-11 13:00:00+09:00,0,1.752109096041107,False,3935.0,4131.75,,,2.1601016518424387,OPEN_MARK_TO_MARKET,False,,,2026-09-11,2.4777636594663277,2.1065088757396437,6.929347826086962,-0.13365708048383995,True,0.7742270719667488
2026-09-08 13:00:00+09:00,13,4,056190,SFA,rebound,79.28009667497649,2026-09-08 12:00:00+09:00,0,2.2564656382029558,True,24250.0,25462.5,2026-09-14 13:00:00+09:00,5.0,5.0,TARGET,False,False,True,2026-09-08,1.5758468335787923,0.47304097771387416,1.6771488469601747,0.39364592768060813,True,-0.00798913477670915
2026-09-10 12:00:00+09:00,12,5,056190,SFA,rebound,73.98911796331052,2026-09-10 11:00:00+09:00,0,2.067228246292241,False,24900.0,26145.0,,,0.6024096385542244,OPEN_MARK_TO_MARKET,False,False,,2026-09-10,1.8252371371083642,1.2973955178679601,2.263374485596703,0.20424412365425137,True,0.32604373757454397
2026-09-01 09:00:00+09:00,9,5,058470,리노공업,rebound,72.97987225527628,2026-08-31 14:00:00+09:00,0,1.4998522518521376,True,66100.0,69405.0,2026-09-08 09:00:00+09:00,6.0,5.0,TARGET,False,False,False,2026-09-01,1.7403373905616057,0.4624823029730948,0.7530120481927804,-0.6507538312510941,True,0.41904318472820723
2026-09-08 10:00:00+09:00,10,5,058470,리노공업,base_breakout,80.18040902120421,2026-09-08 09:00:00+09:00,0,2.30623681190838,False,70700.0,74235.0,,,-7.7086280056577134,OPEN_MARK_TO_MARKET,False,False,False,2026-09-08,1.6973125884016973,3.8333333333333335,7.774390243902429,0.5937127343769832,True,0.6206088992974257
2026-09-04 13:00:00+09:00,13,2,058610,에스피지,rebound,86.00002285669878,2026-09-04 12:00:00+09:00,0,3.143099832568172,True,95200.0,99960.0,2026-09-10 09:00:00+09:00,5.0,5.0,TARGET,False,False,True,2026-09-04,2.390945885174636,2.697371593923317,10.556844547563804,-0.7477544842746431,True,0.5029483177245941
2026-09-04 14:00:00+09:00,14,1,058610,에스피지,rebound,85.82502206591762,2026-09-04 13:00:00+09:00,0,2.306782237411875,False,96900.0,101745.0,,,-6.19195046439629,OPEN_MARK_TO_MARKET,False,False,False,2026-09-04,2.3956951201533245,3.2241420118343216,12.543554006968648,-0.38329069525678827,True,0.745363147859246
2026-09-10 10:00:00+09:00,10,1,058610,에스피지,rebound,86.2758173718586,2026-09-10 09:00:00+09:00,0,2.8899848653281275,False,98600.0,103530.0,,,-7.809330628803246,OPEN_MARK_TO_MARKET,False,False,,2026-09-10,2.1370617212402205,2.158409387222946,5.567451820128477,0.03723413916485452,True,1.2294827479146342
2026-09-04 12:00:00+09:00,12,3,064260,다날,rebound,85.30940416685101,2026-09-04 11:00:00+09:00,0,5.609174973253599,False,5270.0,5533.5,,,-5.692599620493355,OPEN_MARK_TO_MARKET,False,False,False,2026-09-04,2.507454594741122,0.9983367983368,4.35643564356436,-0.22796949925321108,False,-0.3951685058156795
2026-09-02 11:00:00+09:00,11,2,064290,인텍플러스,base_breakout,83.30215029926846,2026-09-02 10:00:00+09:00,0,2.6952917021757954,True,33850.0,35542.5,2026-09-02 11:00:00+09:00,1.0,5.0,TARGET,True,True,True,2026-09-02,3.661109938805655,0.9217468410551978,7.631160572337037,-0.9613721177371803,True,-0.25803424818203746
2026-09-02 12:00:00+09:00,12,1,064290,인텍플러스,rebound,85.0718087573107,2026-09-02 11:00:00+09:00,0,3.5153346876083837,True,34450.0,36172.5,2026-09-04 09:00:00+09:00,3.0,5.0,TARGET,False,True,True,2026-09-02,3.509136212624585,1.3573054164770146,7.499999999999996,-0.9052683650754401,True,0.02348520432127188
2026-09-02 13:00:00+09:00,13,2,064290,인텍플러스,rebound,88.29521049522278,2026-09-02 12:00:00+09:00,0,3.3863340829835766,True,33400.0,35070.0,2026-09-03 09:00:00+09:00,2.0,5.0,TARGET,False,True,True,2026-09-02,3.6997433704020533,0.5073365940417972,3.4055727554179516,-0.7435312778824255,True,0.21168999176761627
2026-09-02 14:00:00+09:00,14,1,064290,인텍플러스,rebound,86.83742656479399,2026-09-02 13:00:00+09:00,0,2.8196486864171875,True,34050.0,35752.5,2026-09-03 12:00:00+09:00,2.0,5.0,TARGET,False,True,True,2026-09-02,3.870358716173694,0.939754012924745,5.255023183925811,-0.558922893481717,True,0.3174976481655545
2026-09-03 09:00:00+09:00,9,2,064290,인텍플러스,rebound,80.44527290640673,2026-09-02 14:00:00+09:00,0,2.0713754930167867,True,34200.0,35910.0,2026-09-03 12:00:00+09:00,1.0,5.0,TARGET,True,True,True,2026-09-03,4.012605042016807,0.8372935964559022,2.564102564102555,-0.4080921691094086,True,0.2934961258511226
2026-09-03 10:00:00+09:00,10,1,064290,인텍플러스,rebound,80.26164842057813,2026-09-03 09:00:00+09:00,0,2.190119807092448,True,33800.0,35490.0,2026-09-03 12:00:00+09:00,1.0,5.0,TARGET,True,True,True,2026-09-03,4.220299641274531,0.6555769230769226,5.946791862284817,-0.37147843430564986,True,0.42835347963854353
2026-09-03 11:00:00+09:00,11,5,064290,인텍플러스,rebound,69.92611412258819,2026-09-03 10:00:00+09:00,0,1.4382799950574572,True,34400.0,36120.0,2026-09-04 09:00:00+09:00,2.0,5.0,TARGET,False,True,True,2026-09-03,4.17358803986711,0.9978951396861825,6.666666666666665,-0.41173828417427893,True,0.4747391864963202
2026-09-03 13:00:00+09:00,13,4,064290,인텍플러스,base_breakout,63.40931196209118,2026-09-03 12:00:00+09:00,0,1.1851445282011106,True,35250.0,37012.5,2026-09-04 09:00:00+09:00,2.0,5.0,TARGET,False,True,True,2026-09-03,3.7689969604863225,1.6486765922249804,8.964451313755806,-0.5418497802636923,True,0.4440549225825263
2026-09-04 10:00:00+09:00,10,3,064290,인텍플러스,base_breakout,78.97454681476493,2026-09-04 09:00:00+09:00,0,2.133896504298742,True,38400.0,40320.0,2026-09-04 10:00:00+09:00,1.0,5.0,TARGET,True,True,True,2026-09-04,4.4921875,2.936454849498329,18.885448916408663,-0.1026000350341727,True,0.8318306090396188
2026-09-01 11:00:00+09:00,11,5,064550,바이오니아,base_breakout,72.15508115737475,2026-09-01 10:00:00+09:00,0,16.71623775326023,True,9890.0,10384.5,2026-09-01 12:00:00+09:00,1.0,5.0,TARGET,True,True,True,2026-09-01,3.148923876931966,4.642378263937895,21.798029556650246,2.030987861442801,True,1.4181448632668125
2026-09-01 14:00:00+09:00,14,3,064550,바이오니아,base_breakout,67.40680713128039,2026-09-01 13:00:00+09:00,0,5.556577250124814,False,10880.0,11424.0,,,-12.775735294117652,OPEN_MARK_TO_MARKET,False,False,False,2026-09-01,4.046963137872229,5.062585712504674,30.73229291716686,3.095569087384731,True,2.5415622864951137
2026-09-02 09:00:00+09:00,9,5,064550,바이오니아,base_breakout,59.95808383233532,2026-09-01 14:00:00+09:00,0,5.609614932560784,True,10330.0,10846.5,2026-09-04 13:00:00+09:00,3.0,5.0,TARGET,False,True,True,2026-09-02,4.283149525519364,4.9880239520958085,34.05535499398316,3.6020382265086637,True,3.0075528017728725
2026-09-10 09:00:00+09:00,9,3,066970,엘앤에프,rebound,72.08295750711217,2026-09-09 14:00:00+09:00,0,3.323531099114838,False,122100.0,128205.0,,,-6.3882063882063855,OPEN_MARK_TO_MARKET,False,False,,2026-09-10,2.847074616847522,2.2617500377814714,6.4166666666666705,0.17716419183602117,True,-0.04504794388313638
2026-09-10 10:00:00+09:00,10,2,066970,엘앤에프,rebound,85.51191597363002,2026-09-10 09:00:00+09:00,0,3.1933803140496155,False,120800.0,126840.0,,,-5.3807947019867575,OPEN_MARK_TO_MARKET,False,False,,2026-09-10,3.269867549668874,0.34956183057448964,7.953529937444137,0.12338629755788144,False,0.07090598510972601
2026-09-10 11:00:00+09:00,11,2,066970,엘앤에프,rebound,82.26488888940227,2026-09-10 10:00:00+09:00,0,1.999781887402127,False,119500.0,125475.0,,,-4.351464435146446,OPEN_MARK_TO_MARKET,False,False,,2026-09-10,3.2934847579199045,0.04202149937177018,5.379188712522054,-0.022315421925556134,False,-0.05798035110323729
2026-09-07 10:00:00+09:00,10,3,069540,빛과전자,base_breakout,76.38849651069852,2026-09-07 09:00:00+09:00,0,1.6712333426792827,True,2800.0,2940.0,2026-09-08 09:00:00+09:00,2.0,5.0,TARGET,False,True,True,2026-09-07,2.392857142857143,0.8955223880597015,5.660377358490565,0.4047257685325878,False,-0.27297543221109777
2026-09-07 11:00:00+09:00,11,4,069540,빛과전자,rebound,77.3462529647674,2026-09-07 10:00:00+09:00,0,2.164817641911561,True,2795.0,2934.75,2026-09-08 09:00:00+09:00,2.0,5.0,TARGET,False,True,True,2026-09-07,2.4099156657296192,0.8308181744024813,4.291044776119413,0.42530410730750035,False,-0.18920812894183126
2026-09-07 12:00:00+09:00,12,2,069540,빛과전자,rebound,85.08961706084376,2026-09-07 11:00:00+09:00,0,2.4443314439891988,True,2800.0,2940.0,2026-09-08 09:00:00+09:00,2.0,5.0,TARGET,False,True,True,2026-09-07,1.9719387755102042,1.0588118220718499,4.283054003724396,0.41908158716006394,False,0.0
2026-09-14 10:00:00+09:00,10,3,071200,인피니트헬스케어,base_breakout,76.65573770491804,2026-09-14 09:00:00+09:00,0,5.978799116005546,False,11310.0,11875.5,,,0.0,OPEN_MARK_TO_MARKET,False,,,2026-09-14,2.696728558797524,8.150063051702395,31.66472642607683,-0.609570797804837,True,0.6580967841003815
2026-09-10 14:00:00+09:00,14,5,071970,HD현대마린엔진,rebound,71.61171592094769,2026-09-10 13:00:00+09:00,0,1.7034694238525292,False,52800.0,55440.0,,,-0.9469696969697016,OPEN_MARK_TO_MARKET,False,False,,2026-09-10,2.3403679653679657,1.106491774121834,3.125,-0.24976078107008526,True,0.5791433191681294
2026-09-01 10:00:00+09:00,10,2,073240,금호타이어,base_breakout,80.30806999874099,2026-09-01 09:00:00+09:00,0,3.77366741311516,False,7660.0,8043.0,,,-6.919060052219317,OPEN_MARK_TO_MARKET,False,False,False,2026-09-01,2.8524743230625584,2.0939191741155745,8.66477272727273,-0.9019012440798502,True,0.7488013790874382
2026-09-01 11:00:00+09:00,11,3,073240,금호타이어,rebound,78.13916383998061,2026-09-01 10:00:00+09:00,0,3.889448901101937,False,7550.0,7927.5,,,-5.562913907284772,OPEN_MARK_TO_MARKET,False,False,False,2026-09-01,2.9943235572374647,1.4818325434439177,8.477011494252885,-0.821681496277471,True,0.854838709677419
2026-09-01 12:00:00+09:00,12,3,073240,금호타이어,rebound,79.88736400191087,2026-09-01 11:00:00+09:00,0,3.9118211361713535,False,7490.0,7864.5,,,-4.806408544726304,OPEN_MARK_TO_MARKET,False,False,False,2026-09-01,2.9571428571428573,1.1983153722284146,2.5991792065663377,-0.7251977812130495,True,0.9283107963082182
2026-09-08 10:00:00+09:00,10,1,073240,금호타이어,rebound,88.06875568331554,2026-09-08 09:00:00+09:00,0,2.919497344450215,True,7320.0,7686.0,2026-09-10 14:00:00+09:00,3.0,5.0,TARGET,False,True,True,2026-09-08,1.72952902091069,0.8852672750977852,3.1029619181946355,0.22260353383110054,True,-0.25582262964345404
2026-09-08 11:00:00+09:00,11,4,073240,금호타이어,rebound,83.9452719727286,2026-09-08 10:00:00+09:00,0,2.743492658129321,True,7360.0,7728.0,2026-09-10 14:00:00+09:00,3.0,5.0,TARGET,False,True,True,2026-09-08,1.6789596273291925,1.3352601156069364,4.397163120567371,0.2642559109874876,True,-0.20272072552680598
2026-09-11 10:00:00+09:00,10,3,073240,금호타이어,rebound,79.56250752377504,2026-09-11 09:00:00+09:00,0,5.192220336615922,False,7450.0,7822.5,,,-4.29530201342282,OPEN_MARK_TO_MARKET,False,,,2026-09-11,2.0421860019175457,1.3929216323582534,3.7604456824512633,0.23256349443918634,True,0.5610772683552367
2026-09-11 11:00:00+09:00,11,1,073240,금호타이어,rebound,85.52685268055748,2026-09-11 10:00:00+09:00,0,4.265922227749153,False,7400.0,7770.0,,,-3.6486486486486447,OPEN_MARK_TO_MARKET,False,,,2026-09-11,2.0587666731103806,0.9404117009750799,3.7921348314606806,0.35006103037702463,True,0.6087142246903099
2026-09-02 11:00:00+09:00,11,4,079650,서산,base_breakout,75.38064421238418,2026-09-02 10:00:00+09:00,0,4.5134883309653695,True,6790.0,7129.5,2026-09-03 09:00:00+09:00,2.0,5.0,TARGET,False,True,True,2026-09-02,5.501788344203661,4.2376820120605965,25.508317929759695,1.3672933989364866,True,2.463576158940395
2026-09-10 13:00:00+09:00,13,2,080220,제주반도체,rebound,80.35949603423842,2026-09-10 12:00:00+09:00,0,3.6779525449155215,False,78000.0,81900.0,,,-9.35897435897436,OPEN_MARK_TO_MARKET,False,False,,2026-09-10,2.2069597069597067,2.147143313118416,2.6315789473684292,-0.19713760650442724,True,1.0038165943430766
2026-09-10 14:00:00+09:00,14,2,080220,제주반도체,rebound,81.616612099933,2026-09-10 13:00:00+09:00,0,4.807750732968385,False,79400.0,83370.0,,,-10.957178841309824,OPEN_MARK_TO_MARKET,False,False,,2026-09-10,2.350927760763826,2.5025051576775685,5.8744993324432615,-0.12254219350527062,True,1.1942010846891948
2026-09-11 09:00:00+09:00,9,1,080220,제주반도체,rebound,84.22533325955379,2026-09-10 14:00:00+09:00,0,4.313758963771554,False,75700.0,79485.0,,,-6.605019815059443,OPEN_MARK_TO_MARKET,False,,,2026-09-11,2.3779385171790235,2.1558935361216727,6.901217861975639,-0.049035450401746505,True,1.2785198274517962
2026-09-07 10:00:00+09:00,10,4,083650,비에이치아이,base_breakout,71.09833525797524,2026-09-07 09:00:00+09:00,0,1.672809129455881,True,67100.0,70455.0,2026-09-08 09:00:00+09:00,2.0,5.0,TARGET,False,True,True,2026-09-07,3.0170575692963753,3.2298178852949184,13.752122241086596,0.7269547156404599,True,-0.025434775697075196
2026-09-07 11:00:00+09:00,11,3,083650,비에이치아이,rebound,78.19329741974134,2026-09-07 10:00:00+09:00,0,3.0040454919411435,True,66800.0,70140.0,2026-09-08 09:00:00+09:00,2.0,5.0,TARGET,False,True,True,2026-09-07,3.137716855857785,2.9027303754266214,12.668918918918926,0.8926134192280388,True,0.37571242079790235
2026-09-07 12:00:00+09:00,12,3,083650,비에이치아이,rebound,76.20730858124924,2026-09-07 11:00:00+09:00,0,3.399501512146722,True,66800.0,70140.0,2026-09-08 09:00:00+09:00,2.0,5.0,TARGET,False,True,True,2026-09-07,2.8229255774165956,3.1563228438228443,11.705685618729088,1.0800196367206638,True,0.8992633693676311
2026-09-11 09:00:00+09:00,9,3,089030,테크윙,rebound,81.67943716365944,2026-09-10 14:00:00+09:00,0,4.095626137795625,False,47650.0,50032.5,,,-8.709338929695697,OPEN_MARK_TO_MARKET,False,,,2026-09-11,2.385861561119293,0.40550807217473595,3.743315508021383,-0.2570738440303644,True,0.3898870533381782
2026-09-04 12:00:00+09:00,12,5,090360,로보스타,rebound,84.06284423945858,2026-09-04 11:00:00+09:00,0,10.105801565842247,True,78000.0,81900.0,2026-09-07 09:00:00+09:00,2.0,5.0,TARGET,False,True,True,2026-09-04,2.4862637362637363,1.6937243235585806,6.4120054570259155,-0.5816709035288081,True,0.061811064180483655
2026-09-04 14:00:00+09:00,14,5,090360,로보스타,rebound,78.24162385150764,2026-09-04 13:00:00+09:00,0,1.2421601683215902,True,78100.0,82005.0,2026-09-07 09:00:00+09:00,2.0,5.0,TARGET,False,True,True,2026-09-04,2.571245889660212,1.623992348681511,7.270233196159115,-0.1276752288416061,True,0.41230737514816873
2026-09-10 11:00:00+09:00,11,5,090360,로보스타,rebound,78.3272507980204,2026-09-10 10:00:00+09:00,0,1.9747319389021112,False,78300.0,82215.0,,,-3.4482758620689613,OPEN_MARK_TO_MARKET,False,False,,2026-09-10,2.1925426201112224,0.2585958739804874,1.885565669700906,-0.20062464755128406,True,1.0098239664888098
2026-09-14 11:00:00+09:00,11,2,090460,비에이치,rebound,79.43957410334856,2026-09-14 10:00:00+09:00,0,2.4729905688402485,False,20400.0,21420.0,,,-1.9607843137254943,OPEN_MARK_TO_MARKET,False,,,2026-09-14,1.9187675070028012,2.1784110050533427,7.36842105263158,1.1882248590028732,True,-0.8873200982877694
2026-09-14 12:00:00+09:00,12,1,090460,비에이치,rebound,92.79359485136376,2026-09-14 11:00:00+09:00,0,2.769873975010684,False,20200.0,21210.0,,,-0.990099009900991,OPEN_MARK_TO_MARKET,False,,,2026-09-14,1.7795108117688763,1.6636530799877398,5.99684376643872,1.2387236886067576,False,-0.39966302921067287
2026-09-14 13:00:00+09:00,13,2,090460,비에이치,rebound,82.60636370395427,2026-09-14 12:00:00+09:00,0,1.3620896024516955,False,20150.0,21157.5,,,-0.7444168734491274,OPEN_MARK_TO_MARKET,False,,,2026-09-14,1.8185040765685927,1.6227320437846706,5.497382198952883,1.3068025452210197,False,-0.15513618600631052
2026-09-03 11:00:00+09:00,11,3,092790,넥스틸,rebound,77.31281523657793,2026-09-03 10:00:00+09:00,0,32.61332924677696,True,13170.0,13828.5,2026-09-09 12:00:00+09:00,5.0,5.0,TARGET,False,False,True,2026-09-03,2.2742075553625707,1.5614099504314274,3.377847604084838,1.033015447343577,True,0.2765116985718574
2026-09-03 12:00:00+09:00,12,2,092790,넥스틸,rebound,78.24100972690405,2026-09-03 11:00:00+09:00,0,35.95676169489743,True,13230.0,13891.5,2026-09-09 14:00:00+09:00,5.0,5.0,TARGET,False,False,True,2026-09-03,2.2081848612460857,1.7509873989091573,3.4401876465989023,1.080542046882682,True,0.4770441493725519
2026-09-03 13:00:00+09:00,13,5,092790,넥스틸,rebound,62.35543535770008,2026-09-03 12:00:00+09:00,0,1.0108827998624608,True,13240.0,13902.0,2026-09-09 14:00:00+09:00,5.0,5.0,TARGET,False,False,True,2026-09-03,2.179542511868796,1.7220106626047196,4.334121355397946,1.1376657390735012,True,0.5462490895848493
2026-09-03 12:00:00+09:00,12,5,095340,ISC,rebound,73.02756836051728,2026-09-03 11:00:00+09:00,0,1.2056891468690474,True,174300.0,183015.0,2026-09-04 14:00:00+09:00,2.0,5.0,TARGET,False,True,True,2026-09-03,2.709783053622595,1.188356960260286,8.385093167701863,-0.1856879030386116,True,0.05696837116033748
2026-09-04 10:00:00+09:00,10,5,095610,테스,rebound,76.93076487351642,2026-09-04 09:00:00+09:00,0,1.8399557331543044,True,139900.0,146895.0,2026-09-04 14:00:00+09:00,1.0,5.0,TARGET,True,True,True,2026-09-04,3.0663265306122454,1.1683092282093965,8.611326609775016,-0.381855770400108,True,-0.6370148070553028
2026-09-04 11:00:00+09:00,11,2,095610,테스,rebound,83.1558578552625,2026-09-04 10:00:00+09:00,0,2.164650495191617,True,140700.0,147735.0,2026-09-04 14:00:00+09:00,1.0,5.0,TARGET,True,True,True,2026-09-04,3.1853281853281854,1.2701509017298476,6.515151515151518,-0.1510022163228708,True,-0.41732909379966765
2026-09-02 09:00:00+09:00,9,4,101730,위메이드맥스,rebound,67.52477534280175,2026-09-01 14:00:00+09:00,0,1.4600217318447073,True,4160.0,4368.0,2026-09-14 09:00:00+09:00,9.0,5.0,TARGET,False,False,False,2026-09-02,1.5909844216108717,1.5677083333333335,1.7709563164108655,0.25713899039112587,False,0.31214138168464967
2026-09-14 10:00:00+09:00,10,4,101730,위메이드맥스,base_breakout,75.09401709401706,2026-09-14 09:00:00+09:00,0,17.883810010641046,True,4495.0,4719.75,2026-09-14 10:00:00+09:00,1.0,5.0,TARGET,True,,,2026-09-14,2.0022246941045605,5.512820512820513,14.668367346938771,-0.2573056423451625,True,0.39105875537102097
2026-09-09 13:00:00+09:00,13,5,103590,일진전기,rebound,70.66118882621818,2026-09-09 12:00:00+09:00,0,1.9480694176572129,False,72100.0,75705.0,,,-3.4674063800277377,OPEN_MARK_TO_MARKET,False,False,,2026-09-09,1.654448187041807,1.9507139567019816,1.4064697609001309,0.5788401757959027,True,0.7609420128860345
2026-09-01 10:00:00+09:00,10,3,108490,로보티즈,base_breakout,79.20380194518127,2026-09-01 09:00:00+09:00,0,3.6466426244592367,True,261500.0,274575.0,2026-09-04 09:00:00+09:00,4.0,5.0,TARGET,False,False,True,2026-09-01,2.371864776444929,2.1445623342175044,6.720977596741351,-1.1744320369657335,True,0.3102940035683899
2026-09-01 11:00:00+09:00,11,2,108490,로보티즈,rebound,83.77659853915642,2026-09-01 10:00:00+09:00,0,3.3371913882640243,True,256500.0,269325.0,2026-09-04 09:00:00+09:00,4.0,5.0,TARGET,False,False,True,2026-09-01,2.4784182678919517,1.210025929127052,6.431535269709543,-1.1737466636652982,True,0.2712547469580828
2026-09-01 12:00:00+09:00,12,1,108490,로보티즈,rebound,89.27441789215693,2026-09-01 11:00:00+09:00,0,2.661279636495925,True,256500.0,269325.0,2026-09-04 09:00:00+09:00,4.0,5.0,TARGET,False,False,True,2026-09-01,2.3670286828181566,1.2162895927601796,6.211180124223592,-1.169571801398328,True,0.33304933777400514
2026-09-10 11:00:00+09:00,11,1,108490,로보티즈,rebound,85.6069450350408,2026-09-10 10:00:00+09:00,0,1.951868990421408,False,320500.0,336525.0,,,0.7800312012480548,OPEN_MARK_TO_MARKET,False,False,,2026-09-10,3.671718297303321,1.299171238473213,8.277027027027017,2.2324482308314186,True,2.605378846651152
2026-09-08 14:00:00+09:00,14,1,119850,지엔씨에너지,base_breakout,76.39331271743333,2026-09-08 13:00:00+09:00,0,3.615420204226076,True,46750.0,49087.5,2026-09-09 09:00:00+09:00,2.0,5.0,TARGET,False,True,True,2026-09-08,3.040488922841864,2.5313103981445684,6.735159817351599,-1.1289258261846569,True,0.5016347919559294
2026-09-09 09:00:00+09:00,9,1,119850,지엔씨에너지,rebound,80.97756825854778,2026-09-08 14:00:00+09:00,0,4.581457841157118,True,47850.0,50242.5,2026-09-09 09:00:00+09:00,1.0,5.0,TARGET,True,True,,2026-09-09,3.3822138126773886,1.3128922359691586,0.7786429365962189,-1.1859260582246844,False,0.8060904612628761
2026-09-09 11:00:00+09:00,11,4,119850,지엔씨에너지,rebound,80.93605884821923,2026-09-09 10:00:00+09:00,0,5.038719406930307,True,47400.0,49770.0,2026-09-10 14:00:00+09:00,2.0,5.0,TARGET,False,True,,2026-09-09,4.120300751879699,1.885597978663673,6.861642294713155,-0.8396576780235754,True,1.5241320914479273
2026-09-09 12:00:00+09:00,12,2,119850,지엔씨에너지,rebound,80.65690761383834,2026-09-09 11:00:00+09:00,0,3.7322975369960822,True,47750.0,50137.5,2026-09-10 14:00:00+09:00,2.0,5.0,TARGET,False,True,,2026-09-09,3.7692192864606655,2.1314546839299293,8.135593220338988,-0.7336018411967737,True,1.6570413149711305
2026-09-14 12:00:00+09:00,12,3,124500,아이티센글로벌,rebound,77.71856168819895,2026-09-14 11:00:00+09:00,0,1.7048095097542817,False,32600.0,34230.0,,,-0.7668711656441674,OPEN_MARK_TO_MARKET,False,,,2026-09-14,2.793602103418054,1.0843137254901962,1.8750000000000044,-1.4812241809227245,False,-0.4782806114726812
2026-09-14 13:00:00+09:00,13,3,124500,아이티센글로벌,rebound,81.58644922271807,2026-09-14 12:00:00+09:00,0,3.086058250261176,False,33600.0,35280.0,,,-3.720238095238093,OPEN_MARK_TO_MARKET,False,,,2026-09-14,2.7954931972789114,2.0545481134834738,5.3291536050156685,-1.1856575292989335,True,-0.04248732967133684
2026-09-14 14:00:00+09:00,14,2,124500,아이티센글로벌,rebound,85.4396534666884,2026-09-14 13:00:00+09:00,0,3.612552095397649,False,32800.0,34440.0,,,-1.3719512195121908,OPEN_MARK_TO_MARKET,False,,,2026-09-14,2.870189171559035,1.2166375291375273,3.1397174254317095,-0.9375351575684032,False,0.3286370690442242
2026-09-11 10:00:00+09:00,10,2,126730,코칩,base_breakout,79.78274212833803,2026-09-11 09:00:00+09:00,0,19.790254513146905,True,21550.0,22627.5,2026-09-14 09:00:00+09:00,2.0,5.0,TARGET,False,,,2026-09-11,3.2059800664451825,2.3499800717417285,7.715430861723438,0.34545311796232436,True,-0.15067659586798232
2026-09-11 11:00:00+09:00,11,4,126730,코칩,rebound,78.75326986225058,2026-09-11 10:00:00+09:00,0,22.195180970586414,True,21200.0,22260.0,2026-09-14 09:00:00+09:00,2.0,5.0,TARGET,False,,,2026-09-11,3.2024373730534865,1.7653683525776576,6.404437720625311,0.49332523519713956,True,0.14898948366435238
2026-09-11 12:00:00+09:00,12,1,126730,코칩,rebound,84.72418687155067,2026-09-11 11:00:00+09:00,0,23.95522973159053,True,21200.0,22260.0,2026-09-14 09:00:00+09:00,2.0,5.0,TARGET,False,,,2026-09-11,3.0631543397500844,1.860571622423885,7.578840284842325,0.6361349432228769,True,0.49904551488899607
2026-09-02 14:00:00+09:00,14,5,131290,티에스이,rebound,71.24069940899693,2026-09-02 13:00:00+09:00,0,1.7140475621943343,True,233000.0,244650.0,2026-09-07 09:00:00+09:00,4.0,5.0,TARGET,False,False,True,2026-09-02,3.2119914346895073,0.18205128205128324,0.21459227467810482,-1.5322357498616546,False,-0.6829027480664829
2026-09-03 09:00:00+09:00,9,4,131290,티에스이,rebound,67.71206885769027,2026-09-02 14:00:00+09:00,0,1.4841102942228357,True,234500.0,246225.0,2026-09-07 09:00:00+09:00,3.0,5.0,TARGET,False,True,True,2026-09-03,3.113553113553113,0.3273001508295614,-0.42553191489361764,-1.3464741810105485,False,-0.6434581752186141
2026-09-07 11:00:00+09:00,11,5,131970,두산테스나,rebound,73.68484029473385,2026-09-07 10:00:00+09:00,0,2.2303785218409184,True,83400.0,87570.0,2026-09-10 11:00:00+09:00,4.0,5.0,TARGET,False,False,True,2026-09-07,2.946214457005824,2.5436046511627906,10.317460317460325,0.18534299105241736,True,0.15478330337526103
2026-09-07 12:00:00+09:00,12,5,131970,두산테스나,rebound,75.59710984308262,2026-09-07 11:00:00+09:00,0,1.6822646099849436,True,83100.0,87255.0,2026-09-10 11:00:00+09:00,4.0,5.0,TARGET,False,False,True,2026-09-07,2.6388172597558874,2.6221498371335508,10.066225165562903,0.3814679055493819,True,0.6556556556556625
2026-09-10 12:00:00+09:00,12,3,131970,두산테스나,base_breakout,80.82023921200748,2026-09-10 11:00:00+09:00,0,3.092889344339216,False,90100.0,94605.0,,,-7.436182019977799,OPEN_MARK_TO_MARKET,False,False,,2026-09-10,2.6031746031746033,3.238156660412761,7.14285714285714,0.615538700691709,True,1.6364283173247784
2026-09-10 13:00:00+09:00,13,4,131970,두산테스나,rebound,77.79782808775539,2026-09-10 12:00:00+09:00,0,3.447459620413116,False,90200.0,94710.0,,,-7.538802660753885,OPEN_MARK_TO_MARKET,False,False,,2026-09-10,2.7173049419990463,2.8284975258659495,6.390532544378691,0.6712738568018572,True,1.8887970723645342
2026-09-10 14:00:00+09:00,14,4,131970,두산테스나,rebound,77.9939254479314,2026-09-10 13:00:00+09:00,0,4.086671705719325,False,89900.0,94395.0,,,-7.23025583982202,OPEN_MARK_TO_MARKET,False,False,,2026-09-10,2.677578261560464,2.6339876740470185,8.706166868198316,0.7519815025048837,True,2.0863191034466544
2026-09-04 11:00:00+09:00,11,5,158430,아톤,rebound,77.75161123906034,2026-09-04 10:00:00+09:00,0,8.698586455921413,False,4860.0,5103.0,,,0.1028806584362218,OPEN_MARK_TO_MARKET,False,False,False,2026-09-04,2.4544385655496765,2.55688622754491,8.968609865470857,0.11462882096069382,True,-0.26947368421053053
2026-09-04 12:00:00+09:00,12,4,158430,아톤,rebound,84.44086675235248,2026-09-04 11:00:00+09:00,0,9.16309444426804,False,4885.0,5129.25,,,-0.4094165813715467,OPEN_MARK_TO_MARKET,False,False,False,2026-09-04,2.061704927620997,3.152482269503546,10.022522522522515,0.33131269000419294,True,0.3125395953879284
2026-09-04 13:00:00+09:00,13,3,158430,아톤,rebound,85.35741169674759,2026-09-04 12:00:00+09:00,0,4.683534441438057,False,4870.0,5113.5,,,-0.1026694045174525,OPEN_MARK_TO_MARKET,False,False,False,2026-09-04,2.1193898503960105,2.8022358264572826,9.932279909706555,0.5317986450061873,True,0.6422173398681563
2026-09-04 14:00:00+09:00,14,3,158430,아톤,rebound,80.87693385003473,2026-09-04 13:00:00+09:00,0,2.0658213526760627,True,4835.0,5076.75,2026-09-11 10:00:00+09:00,6.0,5.0,TARGET,False,False,False,2026-09-04,2.2676909440094546,2.211726384364821,8.529741863075202,0.695950008198376,True,0.8232711306256801
2026-09-11 11:00:00+09:00,11,2,158430,아톤,rebound,81.43316474117627,2026-09-11 10:00:00+09:00,0,11.03378954085464,False,4880.0,5124.0,,,-0.307377049180324,OPEN_MARK_TO_MARKET,False,,,2026-09-11,2.076326948384267,2.1917659804983756,5.053763440860215,-0.003592986490374983,True,-0.14003294892916962
2026-09-11 12:00:00+09:00,12,5,158430,아톤,rebound,82.4493358661397,2026-09-11 11:00:00+09:00,0,12.390105055922088,False,4925.0,5171.25,,,-1.2182741116751217,OPEN_MARK_TO_MARKET,False,,,2026-09-11,1.9651921682378535,2.6148169173999407,6.256742179072283,0.053910293271997034,True,0.2724120851906875
2026-09-11 13:00:00+09:00,13,2,158430,아톤,rebound,84.56700978842507,2026-09-11 12:00:00+09:00,0,6.241466120817261,False,4865.0,5108.25,,,0.0,OPEN_MARK_TO_MARKET,False,,,2026-09-11,2.046054561454972,1.928039702233252,5.297297297297288,0.07908122000754858,True,0.392075938918679
2026-09-03 10:00:00+09:00,10,3,162300,신스틸,base_breakout,76.02445581476022,2026-09-03 09:00:00+09:00,0,163.3865738563321,True,2105.0,2210.25,2026-09-04 09:00:00+09:00,2.0,5.0,TARGET,False,True,True,2026-09-03,3.009840515778758,7.040065909288005,28.04136253041363,0.2806637953909785,True,1.1348448967150482
2026-09-07 14:00:00+09:00,14,2,162300,신스틸,rebound,81.35614856854176,2026-09-07 13:00:00+09:00,0,5.458998424870011,True,2125.0,2231.25,2026-09-08 09:00:00+09:00,2.0,5.0,TARGET,False,True,True,2026-09-07,5.46218487394958,1.5501065088757395,0.9501187648456089,3.209120865152393,True,3.7651065925272453
2026-09-07 13:00:00+09:00,13,3,178320,서진시스템,rebound,83.81135171969508,2026-09-07 12:00:00+09:00,0,1.398596417088892,True,36350.0,38167.5,2026-09-08 09:00:00+09:00,2.0,5.0,TARGET,False,True,True,2026-09-07,2.6233051680094324,1.7121866897147766,7.385524372230434,-0.4484254408202437,False,-0.2927206450900055
2026-09-08 09:00:00+09:00,9,3,204270,제이앤티씨,base_breakout,82.79185520361995,2026-09-07 14:00:00+09:00,0,2.729928508309301,True,21300.0,22365.0,2026-09-09 09:00:00+09:00,2.0,5.0,TARGET,False,True,True,2026-09-08,2.493887530562347,2.541478129713427,10.242587601078167,0.4287756074321081,True,-0.1783960392070405
2026-09-09 10:00:00+09:00,10,3,204270,제이앤티씨,base_breakout,80.85975553717489,2026-09-09 09:00:00+09:00,0,3.123649613718426,True,21850.0,22942.5,2026-09-11 09:00:00+09:00,3.0,5.0,TARGET,False,True,,2026-09-09,2.736188296829029,3.76472750666299,10.632911392405052,0.9455006337135696,True,1.3343408833296877
2026-09-01 10:00:00+09:00,10,4,204320,HL만도,rebound,77.43014504834778,2026-09-01 09:00:00+09:00,0,1.83262156638351,False,50600.0,53130.0,,,-4.644268774703553,OPEN_MARK_TO_MARKET,False,False,False,2026-09-01,1.7609618104667613,0.17732468334877657,1.9172552976791213,-1.04797615613883,False,0.137709433096167
2026-09-07 12:00:00+09:00,12,4,217590,티엠씨,rebound,75.85147061706712,2026-09-07 11:00:00+09:00,0,1.7535897635875033,True,10890.0,11434.5,2026-09-07 13:00:00+09:00,1.0,5.0,TARGET,True,True,True,2026-09-07,1.751279024006297,2.1699798329011832,6.451612903225801,-0.9623262673360222,False,-0.3329796187200418
2026-09-07 13:00:00+09:00,13,2,217590,티엠씨,rebound,87.75021172582021,2026-09-07 12:00:00+09:00,0,2.326084629094326,True,10850.0,11392.5,2026-09-07 13:00:00+09:00,1.0,5.0,TARGET,True,True,True,2026-09-07,1.8479685452162515,2.090834697217674,6.134371957156759,-0.8209935514688405,False,-0.13562055567774012
2026-09-07 14:00:00+09:00,14,1,217590,티엠씨,rebound,95.28096546310844,2026-09-07 13:00:00+09:00,0,6.529972423990526,True,10800.0,11340.0,2026-09-09 09:00:00+09:00,3.0,5.0,TARGET,False,True,True,2026-09-07,2.266419981498612,1.3532182103610653,5.66959921798631,-0.6985580087357168,False,0.018356033628275092
2026-09-08 09:00:00+09:00,9,1,217590,티엠씨,rebound,91.5319255907491,2026-09-07 14:00:00+09:00,0,6.731279853680424,True,10730.0,11266.5,2026-09-09 09:00:00+09:00,2.0,5.0,TARGET,False,True,True,2026-09-08,2.361111111111111,1.2699849170437423,5.675146771037176,-0.5770902659111954,False,0.0
2026-09-08 10:00:00+09:00,10,2,217590,티엠씨,rebound,85.81787661377949,2026-09-08 09:00:00+09:00,0,8.412926419941622,True,10870.0,11413.5,2026-09-09 09:00:00+09:00,2.0,5.0,TARGET,False,True,True,2026-09-08,2.677746999076639,1.2320954907161774,6.072477962781586,-0.4668478016122024,False,-0.05872637181133511
2026-09-14 13:00:00+09:00,13,5,217590,티엠씨,base_breakout,77.36180485245622,2026-09-14 12:00:00+09:00,0,2.3936063927650197,True,11750.0,12337.5,2026-09-14 13:00:00+09:00,1.0,5.0,TARGET,True,,,2026-09-14,2.382978723404255,2.6950549450549457,7.600732600732596,-0.09749756256093312,True,0.449754040758954
2026-09-02 11:00:00+09:00,11,5,218410,RFHIC,rebound,74.03221525743933,2026-09-02 10:00:00+09:00,0,3.894334868705957,True,47200.0,49560.0,2026-09-08 12:00:00+09:00,5.0,5.0,TARGET,False,False,True,2026-09-02,2.4011513407059537,0.5877214268381475,3.5126234906695863,-1.3670921392202051,True,-0.36684390585715043
2026-09-02 12:00:00+09:00,12,5,218410,RFHIC,rebound,78.80696626581684,2026-09-02 11:00:00+09:00,0,4.103135768570345,True,47300.0,49665.0,2026-09-08 12:00:00+09:00,5.0,5.0,TARGET,False,False,True,2026-09-02,2.123960695389267,0.7607445934848076,2.717391304347827,-1.2363165809813559,True,-0.16520051212158826
2026-09-03 09:00:00+09:00,9,1,218410,RFHIC,rebound,82.73251375982534,2026-09-02 14:00:00+09:00,0,2.3564702779374755,True,48100.0,50505.0,2026-09-09 09:00:00+09:00,5.0,5.0,TARGET,False,False,True,2026-09-03,2.3821834835278475,1.612880143112699,3.644158628081451,-0.7013092280312216,True,0.012410540685903193
2026-09-08 11:00:00+09:00,11,3,222800,심텍,rebound,84.41943762684201,2026-09-08 10:00:00+09:00,0,2.2682035526329147,True,125400.0,131670.0,2026-09-09 10:00:00+09:00,2.0,5.0,TARGET,False,True,True,2026-09-08,2.358168147641832,1.8065774804905224,9.807355516637472,1.2517336790237144,True,-0.3638801110791845
2026-09-08 12:00:00+09:00,12,3,222800,심텍,rebound,85.80601213063882,2026-09-08 11:00:00+09:00,0,2.238594201515535,True,126100.0,132405.0,2026-09-09 11:00:00+09:00,2.0,5.0,TARGET,False,True,True,2026-09-08,2.158151127223292,2.197657985059561,8.894645941278068,1.3331385114214278,True,-0.06719569947523096
2026-09-11 14:00:00+09:00,14,2,226950,올릭스,base_breakout,78.17394090874431,2026-09-11 13:00:00+09:00,0,2.3682830329347,False,107300.0,112665.0,,,-5.312208760484626,OPEN_MARK_TO_MARKET,False,,,2026-09-11,2.9196594839052943,2.55125284738041,7.9396984924623215,-0.21423669807688617,True,0.6386292834891005
2026-09-02 12:00:00+09:00,12,4,232140,와이씨,rebound,79.10163925698521,2026-09-02 11:00:00+09:00,0,1.90874199987469,False,12520.0,13146.0,,,-9.185303514376995,OPEN_MARK_TO_MARKET,False,False,False,2026-09-02,2.8508521102596363,2.9639688295656197,16.838166510757713,1.008630071891714,True,0.11786496043104666
2026-09-02 13:00:00+09:00,13,3,232140,와이씨,rebound,78.76145372928013,2026-09-02 12:00:00+09:00,0,1.3240039465950495,False,12370.0,12988.5,,,-8.08407437348424,OPEN_MARK_TO_MARKET,False,False,False,2026-09-02,2.936251299226239,2.5657665834656966,14.749536178107615,1.2686349916496864,True,0.26297157884089817
2026-09-02 14:00:00+09:00,14,2,232140,와이씨,rebound,81.92486391181808,2026-09-02 13:00:00+09:00,0,1.5411023850474184,False,12240.0,12852.0,,,-7.107843137254899,OPEN_MARK_TO_MARKET,False,False,False,2026-09-02,3.063310360939143,2.0984087409254224,12.304866850321394,1.5427039448487223,True,0.26283865750100777
2026-09-09 11:00:00+09:00,11,5,232140,와이씨,rebound,78.72318417477071,2026-09-09 10:00:00+09:00,0,2.2283998341059967,False,12100.0,12705.0,,,-6.033057851239665,OPEN_MARK_TO_MARKET,False,False,,2026-09-09,1.9155844155844155,0.8545691596539085,1.001669449081799,0.649341361900535,True,-0.24177949709864865
2026-09-11 09:00:00+09:00,9,2,232140,와이씨,rebound,82.99010661603248,2026-09-10 14:00:00+09:00,0,3.6740599818688087,False,11820.0,12411.0,,,-3.8071065989847663,OPEN_MARK_TO_MARKET,False,,,2026-09-11,2.449404761904762,0.420039256005236,3.092783505154628,-0.37828690074946936,True,0.28905488795063494
2026-09-11 10:00:00+09:00,10,1,232140,와이씨,rebound,80.00825876632325,2026-09-11 09:00:00+09:00,0,2.6312688229302155,False,11910.0,12505.5,,,-4.534005037783373,OPEN_MARK_TO_MARKET,False,,,2026-09-11,2.6028547439126783,0.08808933002481119,-2.8548123980424167,-0.29313411597297057,True,0.22383702069681544
2026-09-11 14:00:00+09:00,14,4,241710,코스메카코리아,rebound,71.55933768766177,2026-09-11 13:00:00+09:00,0,1.303780468387642,True,126400.0,132720.0,2026-09-14 10:00:00+09:00,2.0,5.0,TARGET,False,,,2026-09-11,2.2603978300180834,0.9813461538461545,4.032921810699586,-1.7291599812396585,False,-0.48310674801028686
2026-09-14 11:00:00+09:00,11,4,241710,코스메카코리아,rebound,74.83656239124336,2026-09-14 10:00:00+09:00,0,1.223764249800095,False,131800.0,138390.0,,,0.3793626707132125,OPEN_MARK_TO_MARKET,False,,,2026-09-14,2.5959245610231956,2.4281355387827217,12.842465753424648,-1.6541166220673365,True,-0.08402053835382395
2026-09-10 12:00:00+09:00,12,2,252990,샘씨엔에스,rebound,81.8000908559037,2026-09-10 11:00:00+09:00,0,2.204720703585965,True,13900.0,14595.0,2026-09-11 09:00:00+09:00,2.0,5.0,TARGET,False,True,,2026-09-10,2.1829682196852827,2.138624626257137,8.009331259720053,0.22438863604670178,True,0.4288089612321633
2026-09-10 13:00:00+09:00,13,1,252990,샘씨엔에스,rebound,84.34016295231241,2026-09-10 12:00:00+09:00,0,2.526113445932565,True,13900.0,14595.0,2026-09-11 09:00:00+09:00,2.0,5.0,TARGET,False,True,,2026-09-10,2.199383350462487,2.085909417685121,7.418856259659967,0.23190977062477192,True,0.5482008514609005
2026-09-10 14:00:00+09:00,14,3,252990,샘씨엔에스,rebound,78.99668065110454,2026-09-10 13:00:00+09:00,0,2.345385940080961,True,13910.0,14605.5,2026-09-11 09:00:00+09:00,2.0,5.0,TARGET,False,True,,2026-09-10,2.2424055829228244,2.0823798627002286,8.074534161490687,0.21783457237301018,True,0.46297644352559786
2026-09-01 09:00:00+09:00,9,1,256840,한국비엔씨,rebound,84.07329922129858,2026-08-31 14:00:00+09:00,0,2.8020289806277776,True,2640.0,2772.0,2026-09-01 09:00:00+09:00,1.0,5.0,TARGET,True,True,True,2026-09-01,3.743462703000275,1.4134615384615392,8.577405857740583,-0.43158675568142346,True,1.2517826018063616
2026-09-09 09:00:00+09:00,9,4,256840,한국비엔씨,rebound,71.3361894750842,2026-09-08 14:00:00+09:00,0,1.2046566657737316,True,2800.0,2940.0,2026-09-09 11:00:00+09:00,1.0,5.0,TARGET,True,True,,2026-09-09,1.7466110531803962,0.9885189437428259,2.814258911819878,1.3250597892831673,True,-0.04996787779284473
2026-09-09 10:00:00+09:00,10,4,256840,한국비엔씨,base_breakout,80.70903010033445,2026-09-09 09:00:00+09:00,0,3.83953442906445,True,2885.0,3029.25,2026-09-09 11:00:00+09:00,1.0,5.0,TARGET,True,True,,2026-09-09,1.9930675909878681,3.2006688963210683,8.662900188323919,1.4222136222910242,True,0.20690639269407285
2026-09-09 13:00:00+09:00,13,1,256840,한국비엔씨,rebound,74.17487932942478,2026-09-09 12:00:00+09:00,0,19.125961353342323,True,2905.0,3050.25,2026-09-14 11:00:00+09:00,4.0,5.0,TARGET,False,False,,2026-09-09,2.975165970002459,2.1449459631277796,9.005628517823649,1.5821163207788924,True,0.6906372374510417
2026-09-14 13:00:00+09:00,13,4,256840,한국비엔씨,rebound,81.12199869601741,2026-09-14 12:00:00+09:00,0,9.123360878970756,False,2925.0,3071.25,,,-0.512820512820511,OPEN_MARK_TO_MARKET,False,,,2026-09-14,3.0158730158730154,2.291186546247277,10.586011342155,0.8022798376854823,True,0.6898023040819323
2026-09-14 14:00:00+09:00,14,1,256840,한국비엔씨,rebound,87.72710295562501,2026-09-14 13:00:00+09:00,0,10.23735065467566,False,2915.0,3060.75,,,-0.1715265866209292,OPEN_MARK_TO_MARKET,False,,,2026-09-14,3.2712570448419505,1.940074906367041,9.586466165413544,0.8817523668089855,True,1.0607247099024608
2026-09-14 12:00:00+09:00,12,4,257720,실리콘투,rebound,76.02576294255687,2026-09-14 11:00:00+09:00,0,1.3201651429042085,False,45250.0,47512.5,,,-0.2209944751381254,OPEN_MARK_TO_MARKET,False,,,2026-09-14,1.728492501973165,1.0228310502283104,5.84795321637428,-1.8086878853982413,False,-0.4693622701631983
2026-09-14 13:00:00+09:00,13,1,257720,실리콘투,rebound,83.80877278385765,2026-09-14 12:00:00+09:00,0,1.7395161628108753,False,45450.0,47722.5,,,-0.660066006600657,OPEN_MARK_TO_MARKET,False,,,2026-09-14,1.7051705170517053,1.349875930521089,4.602991944764101,-1.8444528639823599,False,-0.34527406128613825
2026-09-14 14:00:00+09:00,14,5,257720,실리콘투,rebound,78.48957443840504,2026-09-14 13:00:00+09:00,0,1.274044452129789,False,45900.0,48195.0,,,-1.6339869281045805,OPEN_MARK_TO_MARKET,False,,,2026-09-14,1.737030690138651,1.8471886857537054,5.523590333716921,-1.803981199889415,False,-0.25501383125864363
2026-09-09 13:00:00+09:00,13,3,263860,지니언스,rebound,72.4043857191123,2026-09-09 12:00:00+09:00,0,1.0656682189936073,True,15420.0,16191.0,2026-09-11 09:00:00+09:00,3.0,5.0,TARGET,False,True,,2026-09-09,1.4940514617725722,0.1911206077872757,1.7071569271175369,0.8936503514148653,False,-0.6408036023553887
2026-09-03 11:00:00+09:00,11,4,271560,오리온,rebound,74.4204558704406,2026-09-03 10:00:00+09:00,0,1.5805180696082413,False,129700.0,136185.0,,,-11.7964533538936,OPEN_MARK_TO_MARKET,False,False,False,2026-09-03,1.2731481481481481,0.6177156177156157,0.5430566330488773,0.35043049139016347,True,0.3000210014701077
2026-09-03 12:00:00+09:00,12,4,271560,오리온,rebound,73.43991855428663,2026-09-03 11:00:00+09:00,0,1.2894666452682826,False,129700.0,136185.0,,,-11.7964533538936,OPEN_MARK_TO_MARKET,False,False,False,2026-09-03,1.1840511069501047,0.6386404293381059,0.0,0.339703317025819,True,0.3417983389800039
2026-09-11 09:00:00+09:00,9,4,281820,케이씨텍,rebound,77.82100279988222,2026-09-10 14:00:00+09:00,0,5.369646625903294,False,69400.0,72870.0,,,-4.034582132564846,OPEN_MARK_TO_MARKET,False,,,2026-09-11,2.390914524805738,1.6221153846153866,4.9780380673499325,0.33031379810819494,True,0.8101265822784809
2026-09-04 13:00:00+09:00,13,1,294570,쿠콘,rebound,87.55246648125888,2026-09-04 12:00:00+09:00,0,2.481443999228414,False,31100.0,32655.0,,,-7.556270096463025,OPEN_MARK_TO_MARKET,False,False,False,2026-09-04,3.4451079467156633,2.3710256410256427,11.870503597122294,2.3679417122040025,True,0.8625373539798753
2026-09-09 12:00:00+09:00,12,3,322000,HD현대에너지솔루션,rebound,80.47263059190519,2026-09-09 11:00:00+09:00,0,2.623077233013169,False,142400.0,149520.0,,,-10.74438202247191,OPEN_MARK_TO_MARKET,False,False,,2026-09-09,2.278887661881337,1.9474754320569327,5.56379821958457,0.2125813979059421,True,0.6375953546623903
2026-09-10 09:00:00+09:00,9,5,322000,HD현대에너지솔루션,rebound,68.34007870362731,2026-09-09 14:00:00+09:00,0,1.4761886906592074,False,141200.0,148260.0,,,-9.985835694050992,OPEN_MARK_TO_MARKET,False,False,,2026-09-10,2.566340782122905,1.612768184196752,3.9187227866473107,0.2907509437189093,True,0.9475053739110839
2026-09-10 10:00:00+09:00,10,5,322000,HD현대에너지솔루션,rebound,77.96161459210917,2026-09-10 09:00:00+09:00,0,2.030544794984664,False,140700.0,147735.0,,,-9.665955934612647,OPEN_MARK_TO_MARKET,False,False,,2026-09-10,2.9093952922077926,0.7586345650861791,4.918032786885251,0.18182261922194964,True,1.0101010101009944
2026-09-08 12:00:00+09:00,12,5,327260,RF머트리얼즈,rebound,83.6727740225928,2026-09-08 11:00:00+09:00,0,3.523660540834848,True,35700.0,37485.0,2026-09-09 09:00:00+09:00,2.0,5.0,TARGET,False,True,True,2026-09-08,3.302075019952115,1.2615617011387423,4.985337243401755,0.2905107750922564,True,0.26977659126035114
2026-09-08 13:00:00+09:00,13,3,327260,RF머트리얼즈,rebound,81.7572234517992,2026-09-08 12:00:00+09:00,0,2.105428546653692,True,36100.0,37905.0,2026-09-09 09:00:00+09:00,2.0,5.0,TARGET,False,True,True,2026-09-08,3.3491404860699467,1.454163830270024,6.63716814159292,0.3714374151765565,True,0.5623506256150712
2026-09-08 14:00:00+09:00,14,2,327260,RF머트리얼즈,rebound,76.13047213664862,2026-09-08 13:00:00+09:00,0,1.4727140386092032,True,35300.0,37065.0,2026-09-09 09:00:00+09:00,2.0,5.0,TARGET,False,True,True,2026-09-08,3.4751773049645394,0.6616954474097322,3.9823008849557473,0.4072301207401541,True,0.5671767513688142
2026-09-01 11:00:00+09:00,11,1,330350,위더스제약,rebound,88.43593716729254,2026-09-01 10:00:00+09:00,0,14.949124400905152,True,8625.0,9056.25,2026-09-01 13:00:00+09:00,1.0,5.0,TARGET,True,True,True,2026-09-01,6.505545439496772,0.5740849481307482,13.852242744063314,0.7745161814929347,True,-0.7991182143841202
2026-09-01 12:00:00+09:00,12,2,330350,위더스제약,rebound,89.00569979325158,2026-09-01 11:00:00+09:00,0,16.94988700620403,True,8600.0,9030.0,2026-09-01 13:00:00+09:00,1.0,5.0,TARGET,True,True,True,2026-09-01,6.802325581395349,0.5115055884286658,14.666666666666671,0.9016143770941287,True,-0.42906574394463437
2026-09-01 13:00:00+09:00,13,1,330350,위더스제약,rebound,86.5406490665548,2026-09-01 12:00:00+09:00,0,7.697401107384087,True,8480.0,8904.0,2026-09-01 13:00:00+09:00,1.0,5.0,TARGET,True,True,True,2026-09-01,7.0165094339622645,0.3309631544925651,-0.586166471277838,0.9979918456763937,True,-0.42077033337957204
2026-09-01 14:00:00+09:00,14,1,330350,위더스제약,rebound,83.35074293617222,2026-09-01 13:00:00+09:00,0,2.504161207638878,False,9050.0,9502.5,,,-18.34254143646409,OPEN_MARK_TO_MARKET,False,False,False,2026-09-01,7.119179163378059,1.1903462391267257,9.299516908212556,1.2446282331954883,True,-0.2962962962962945
2026-09-08 11:00:00+09:00,11,1,330350,위더스제약,rebound,88.3926608891896,2026-09-08 10:00:00+09:00,0,2.491309038480065,True,7780.0,8169.0,2026-09-09 11:00:00+09:00,2.0,5.0,TARGET,False,True,True,2026-09-08,4.071153493489822,1.026593901593901,11.126961483594865,-1.4997794441993895,False,-1.5821902178047131
2026-09-08 12:00:00+09:00,12,1,330350,위더스제약,rebound,87.53478010637455,2026-09-08 11:00:00+09:00,0,2.7314520267650835,True,7690.0,8074.5,2026-09-09 11:00:00+09:00,2.0,5.0,TARGET,False,True,True,2026-09-08,4.252144722118613,0.6169871794871784,6.536856745479835,-1.525822803031085,False,-1.1418376449598533
2026-09-08 13:00:00+09:00,13,2,330350,위더스제약,rebound,84.09015334097721,2026-09-08 12:00:00+09:00,0,2.3555276802866105,True,7680.0,8064.0,2026-09-09 11:00:00+09:00,2.0,5.0,TARGET,False,True,True,2026-09-08,4.28385174147886,0.6467391304347826,0.0,-1.5296288279373793,False,-0.3801988337143847
2026-09-09 13:00:00+09:00,13,2,330350,위더스제약,rebound,73.19856818349191,2026-09-09 12:00:00+09:00,0,4.3635922176734185,False,8090.0,8494.5,,,-8.652657601977754,OPEN_MARK_TO_MARKET,False,False,,2026-09-09,3.8760374359879917,1.911599789731909,7.152317880794712,-1.471742748579019,True,0.6199788173903986
2026-09-09 14:00:00+09:00,14,2,330350,위더스제약,rebound,77.39980766719896,2026-09-09 13:00:00+09:00,0,4.4700839702477415,False,7960.0,8358.0,,,-7.160804020100498,OPEN_MARK_TO_MARKET,False,False,,2026-09-09,3.984206748025844,1.4098232848232852,6.133333333333324,-1.4108014485907705,True,0.950928964572717
2026-09-01 12:00:00+09:00,12,5,332570,PS일렉트로닉스,rebound,76.21792138439167,2026-09-01 11:00:00+09:00,0,1.5318500358882117,True,7850.0,8242.5,2026-09-14 11:00:00+09:00,10.0,5.0,TARGET,False,False,False,2026-09-01,3.0573248407643314,1.0528846153846152,5.652759084791392,-3.300374647560933,False,-0.7337052113171483
2026-09-02 10:00:00+09:00,10,5,332570,PS일렉트로닉스,rebound,73.18477754944551,2026-09-02 09:00:00+09:00,0,1.515327519510414,False,8040.0,8442.0,,,-0.8706467661691586,OPEN_MARK_TO_MARKET,False,False,False,2026-09-02,3.24271499644634,1.6389884088514228,11.977715877437323,-2.5400778825436343,False,0.16193512474065308
2026-09-11 11:00:00+09:00,11,5,332570,PS일렉트로닉스,rebound,78.61883012820519,2026-09-11 10:00:00+09:00,0,5.469617461889316,True,7790.0,8179.5,2026-09-14 11:00:00+09:00,2.0,5.0,TARGET,False,,,2026-09-11,2.6407482119933983,0.905849358974361,3.3156498673740042,-0.13538448100796074,True,0.07086634101896028
2026-09-11 12:00:00+09:00,12,4,332570,PS일렉트로닉스,rebound,82.4699170755444,2026-09-11 11:00:00+09:00,0,5.754302051311012,True,7720.0,8106.0,2026-09-14 11:00:00+09:00,2.0,5.0,TARGET,False,,,2026-09-11,2.500922849760059,0.7103321033210331,2.7888446215139417,0.017483854752886607,True,0.18245863003978346
2026-09-07 09:00:00+09:00,9,1,336260,두산퓨얼셀,base_breakout,65.7761810187531,2026-09-04 14:00:00+09:00,0,1.1414181815745428,True,45650.0,47932.5,2026-09-07 09:00:00+09:00,1.0,5.0,TARGET,True,True,True,2026-09-07,3.1763947113834248,2.3561108941819615,12.151898734177212,1.3254551261577818,True,-0.5877413937867448
2026-09-08 10:00:00+09:00,10,3,356680,엑스게이트,base_breakout,82.85515821970668,2026-09-08 09:00:00+09:00,0,2.7287064689793152,True,11690.0,12274.5,2026-09-09 09:00:00+09:00,2.0,5.0,TARGET,False,True,True,2026-09-08,1.8269583282414765,2.1304347826086953,6.369426751592355,-0.012350432628405184,True,-0.07867551481152146
2026-09-09 14:00:00+09:00,14,5,361610,SK아이이테크놀로지,base_breakout,68.98036006546644,2026-09-09 13:00:00+09:00,0,3.3724202931691085,True,17570.0,18448.5,2026-09-10 09:00:00+09:00,2.0,5.0,TARGET,False,True,,2026-09-09,1.432228181374939,4.940098199672669,7.1297989031078535,-0.1457799225858425,True,0.7519510401593932
2026-09-03 13:00:00+09:00,13,1,375500,DL이앤씨,rebound,78.07151683906883,2026-09-03 12:00:00+09:00,0,2.025430383966582,True,73400.0,77070.0,2026-09-07 12:00:00+09:00,3.0,5.0,TARGET,False,True,True,2026-09-03,1.7881438289601554,1.7880434782608696,3.3755274261603407,-0.09390553103576504,True,0.010812564199613739
2026-09-03 14:00:00+09:00,14,1,375500,DL이앤씨,rebound,78.04816609162359,2026-09-03 13:00:00+09:00,0,1.9629104137013724,True,73700.0,77385.0,2026-09-07 12:00:00+09:00,3.0,5.0,TARGET,False,True,True,2026-09-03,1.8099109562524196,1.940765117235702,4.237288135593231,0.01409343950391495,True,0.24907948884558273
2026-09-04 09:00:00+09:00,9,1,375500,DL이앤씨,rebound,85.3428161049095,2026-09-03 14:00:00+09:00,0,2.363883752472164,True,72600.0,76230.0,2026-09-07 11:00:00+09:00,2.0,5.0,TARGET,False,True,True,2026-09-04,1.9507389162561575,0.9083139083139123,1.540616246498594,0.0798872180451271,True,0.21107322617308633
2026-09-09 10:00:00+09:00,10,1,389020,자람테크놀로지,base_breakout,81.64030335861324,2026-09-09 09:00:00+09:00,0,4.152535180187058,False,22750.0,23887.5,,,-5.934065934065935,OPEN_MARK_TO_MARKET,False,False,,2026-09-09,2.229199372056515,2.4420368364030347,4.357798165137616,0.6884350601900069,True,0.45801526717557106
2026-09-07 10:00:00+09:00,10,2,411080,샌즈랩,rebound,80.4919043393049,2026-09-07 09:00:00+09:00,0,2.1882110879591288,True,4205.0,4415.25,2026-09-11 09:00:00+09:00,5.0,5.0,TARGET,False,False,True,2026-09-07,3.2236172378690195,0.3556680161943299,3.1862745098039325,0.5573345223136572,True,0.21301227135912537
2026-09-10 12:00:00+09:00,12,4,417840,저스템,rebound,80.32780283392522,2026-09-10 11:00:00+09:00,0,2.4794563620961667,True,14600.0,15330.0,2026-09-11 09:00:00+09:00,2.0,5.0,TARGET,False,True,,2026-09-10,1.888454011741683,1.0818055001992815,2.1693491952414323,1.3626628006180974,True,-0.4231103970007366
2026-09-11 09:00:00+09:00,9,5,417840,저스템,rebound,73.41998718953684,2026-09-10 14:00:00+09:00,0,1.209623780745314,True,14250.0,14962.5,2026-09-11 09:00:00+09:00,1.0,5.0,TARGET,True,,,2026-09-11,2.100840336134454,1.6320954907161809,5.492154065620536,1.4851279618042224,True,-0.13177533649774142
2026-09-11 10:00:00+09:00,10,4,417840,저스템,rebound,78.15352063059797,2026-09-11 09:00:00+09:00,0,2.479038005612828,False,15860.0,16653.0,,,-6.052963430012614,OPEN_MARK_TO_MARKET,False,,,2026-09-11,2.5761124121779857,3.7866460462614313,12.882562277580067,1.5331018696508547,True,0.11837662599711862
2026-09-04 13:00:00+09:00,13,5,437730,삼현,rebound,83.07133125146657,2026-09-04 12:00:00+09:00,0,2.04812711615879,True,32450.0,34072.5,2026-09-07 09:00:00+09:00,2.0,5.0,TARGET,False,True,True,2026-09-04,2.142857142857143,2.5128205128205128,9.427609427609429,-0.9678758627847839,True,0.31367628607277265
2026-09-04 14:00:00+09:00,14,4,437730,삼현,rebound,80.27525817183735,2026-09-04 13:00:00+09:00,0,1.6187711603122723,True,32850.0,34492.5,2026-09-07 09:00:00+09:00,2.0,5.0,TARGET,False,True,True,2026-09-04,2.163513807349424,2.8708929261693106,10.792580101180448,-0.6614238841727071,True,0.520767975906633
2026-09-07 10:00:00+09:00,10,5,440110,파두,base_breakout,70.85195398127973,2026-09-07 09:00:00+09:00,0,2.060481745568717,True,71200.0,74760.0,2026-09-08 13:00:00+09:00,2.0,5.0,TARGET,False,True,True,2026-09-07,2.778892455858748,3.7604831991113588,15.960912052117271,0.6639421232921938,True,0.8333079894163875
2026-09-14 10:00:00+09:00,10,1,441270,파인엠텍,rebound,79.67007503203793,2026-09-14 09:00:00+09:00,0,3.890560502091377,False,9120.0,9576.0,,,-0.9868421052631526,OPEN_MARK_TO_MARKET,False,,,2026-09-14,2.7843045112781954,3.5230985610732453,10.545454545454547,0.3223191156987104,True,-0.9724022967216084
2026-09-14 11:00:00+09:00,11,3,441270,파인엠텍,rebound,77.40021540390305,2026-09-14 10:00:00+09:00,0,5.198674623227499,False,9130.0,9586.5,,,-1.0952902519167584,OPEN_MARK_TO_MARKET,False,,,2026-09-14,2.8156328320802,3.506365678827431,11.764705882352944,0.551568708854755,True,-0.530602746101938
2026-09-14 12:00:00+09:00,12,5,441270,파인엠텍,rebound,74.62630548773582,2026-09-14 11:00:00+09:00,0,5.499849743332053,False,9130.0,9586.5,,,-1.0952902519167584,OPEN_MARK_TO_MARKET,False,,,2026-09-14,2.604166666666667,3.702024291497977,11.627906976744185,0.8086200079082673,True,0.14957464709730584
2026-09-02 14:00:00+09:00,14,4,446540,메가터치,rebound,76.7738969077164,2026-09-02 13:00:00+09:00,0,2.313960843151964,True,7380.0,7749.0,2026-09-07 09:00:00+09:00,4.0,5.0,TARGET,False,False,True,2026-09-02,3.387533875338753,1.32,5.730659025787976,-1.3554460712881355,True,0.5595786701777516
2026-09-03 09:00:00+09:00,9,5,446540,메가터치,rebound,59.01532879509718,2026-09-02 14:00:00+09:00,0,1.0829910364881767,True,7300.0,7665.0,2026-09-07 09:00:00+09:00,3.0,5.0,TARGET,False,True,True,2026-09-03,3.4169884169884175,1.3522381573229039,4.815864022662897,-1.1715578239183455,True,0.4268593006074628
2026-09-09 13:00:00+09:00,13,4,446540,메가터치,rebound,71.57283788622337,2026-09-09 12:00:00+09:00,0,2.1302476781337285,True,7450.0,7822.5,2026-09-09 14:00:00+09:00,1.0,5.0,TARGET,True,True,,2026-09-09,2.7772493817766786,1.2926765015806119,3.7292817679557944,0.47331177655935974,True,0.6469204448246391
2026-09-10 09:00:00+09:00,9,2,446540,메가터치,base_breakout,80.18800836625611,2026-09-09 14:00:00+09:00,0,2.9313165707969446,True,7910.0,8305.5,2026-09-10 12:00:00+09:00,1.0,5.0,TARGET,True,True,,2026-09-10,3.01567055393586,2.326283987915408,9.957924263674611,0.6135112984428037,True,0.974908102924732
2026-09-10 10:00:00+09:00,10,4,446540,메가터치,rebound,78.29489179121529,2026-09-10 09:00:00+09:00,0,3.4866254492765854,True,7620.0,8001.0,2026-09-10 12:00:00+09:00,1.0,5.0,TARGET,True,True,,2026-09-10,3.3420707732634334,1.2428355957767732,3.9509536784741117,0.6314755478635137,True,1.0039840637450226
2026-09-01 09:00:00+09:00,9,3,452260,한화갤러리아,rebound,76.36237153344084,2026-08-31 14:00:00+09:00,0,1.8472391393863248,True,2005.0,2105.25,2026-09-01 14:00:00+09:00,1.0,5.0,TARGET,True,True,True,2026-09-01,1.5126050420168067,1.2339743589743595,0.990099009900991,-0.5324495169744314,True,0.5175543625197898
2026-09-01 10:00:00+09:00,10,1,452260,한화갤러리아,rebound,82.57334986761083,2026-09-01 09:00:00+09:00,0,2.350110172948488,True,2015.0,2115.75,2026-09-01 14:00:00+09:00,1.0,5.0,TARGET,True,True,True,2026-09-01,1.562942008486563,0.5080055690915386,1.0000000000000009,-0.48561450191252353,True,0.5228430313320098
2026-09-11 10:00:00+09:00,10,5,456010,아이씨티케이,base_breakout,77.63336663336659,2026-09-11 09:00:00+09:00,0,5.484217363633782,True,16390.0,17209.5,2026-09-11 10:00:00+09:00,1.0,5.0,TARGET,True,,,2026-09-11,2.3504273504273505,3.064935064935065,4.664536741214054,-0.8410901739478227,True,0.44478332697928114
2026-09-01 10:00:00+09:00,10,5,462860,더즌,base_breakout,76.09195809004348,2026-09-01 09:00:00+09:00,0,1.8573787922064795,True,3140.0,3297.0,2026-09-02 09:00:00+09:00,2.0,5.0,TARGET,False,True,True,2026-09-01,4.2993630573248405,1.8071225071225079,-0.6329113924050667,3.6493710588436423,True,0.2663222232579088
2026-09-14 14:00:00+09:00,14,4,462860,더즌,rebound,81.46331430642385,2026-09-14 13:00:00+09:00,0,7.828564458820884,False,3215.0,3375.75,,,-0.6220839813374845,OPEN_MARK_TO_MARKET,False,,,2026-09-14,3.1437458342590534,0.8706713780918728,2.715654952076685,0.6164426318198801,False,0.18483832807572043
2026-09-09 12:00:00+09:00,12,1,475150,SK이터닉스,rebound,81.29753624854507,2026-09-09 11:00:00+09:00,0,2.5335370652049627,False,53000.0,55650.0,,,-5.094339622641508,OPEN_MARK_TO_MARKET,False,False,,2026-09-09,1.358622545063223,1.831302361005328,1.9193857965451144,-0.4306686366351342,True,0.4177078282922464
2026-09-09 14:00:00+09:00,14,4,475150,SK이터닉스,rebound,70.34641097794784,2026-09-09 13:00:00+09:00,0,1.4057901059767437,False,53400.0,56070.0,,,-5.805243445692887,OPEN_MARK_TO_MARKET,False,False,,2026-09-09,1.3885180240320427,2.08394970414201,3.0828516377649384,-0.29605366760102614,True,0.5134501618484277
2026-09-02 13:00:00+09:00,13,4,477850,마키나락스,rebound,76.56097981135953,2026-09-02 12:00:00+09:00,0,1.6224899309637415,False,24900.0,26145.0,,,-10.040160642570283,OPEN_MARK_TO_MARKET,False,False,False,2026-09-02,3.083763625932301,0.7951699463327355,8.026030368763548,-1.1136618961559153,False,-0.09491793553489947
2026-09-02 14:00:00+09:00,14,3,477850,마키나락스,rebound,77.9411547241953,2026-09-02 13:00:00+09:00,0,1.2964644647867776,False,24550.0,25777.5,,,-8.757637474541745,OPEN_MARK_TO_MARKET,False,False,False,2026-09-02,3.179442508710801,0.4142957499121876,6.493506493506485,-1.0834625112180807,False,0.06341405413976542
2026-09-03 09:00:00+09:00,9,3,477850,마키나락스,rebound,76.69134025736403,2026-09-02 14:00:00+09:00,0,1.1414334503207908,False,24950.0,26197.5,,,-10.220440881763526,OPEN_MARK_TO_MARKET,False,False,False,2026-09-03,3.2361516034985423,0.30682605682605646,5.150214592274671,-1.0265967011590105,False,-0.12668751732055616
2026-09-02 11:00:00+09:00,11,3,950260,인제니아테라퓨틱스(Reg.S),rebound,80.63164325953139,2026-09-02 10:00:00+09:00,0,4.320794307258347,False,18840.0,19782.0,,,-22.983014861995755,OPEN_MARK_TO_MARKET,False,False,False,2026-09-02,5.319229602669092,0.8485662591150848,4.261206419479802,,False,0.457474226804111
