scan,hour,rank,code,name,pattern,score,signal_bar,lag_minutes,volume_ratio,hit,entry_price,target_price,hit_bar,sessions_to_hit,return_pct,status,hit_1d,hit_3d,hit_5d
2026-09-01 09:00:00+09:00,9,1,256840,한국비엔씨,rebound,84.07329922129858,2026-08-31 14:00:00+09:00,0,2.8020289806277776,True,2640.0,2772.0,2026-09-01 09:00:00+09:00,1.0,5.0,TARGET,True,True,True
2026-09-01 09:00:00+09:00,9,2,0039P0,매드업,rebound,80.98235801605418,2026-08-31 14:00:00+09:00,0,4.919348689421813,True,8260.0,8673.0,2026-09-01 09:00:00+09:00,1.0,5.0,TARGET,True,True,True
2026-09-01 09:00:00+09:00,9,3,452260,한화갤러리아,rebound,76.36237153344084,2026-08-31 14:00:00+09:00,0,1.8472391393863252,True,2005.0,2105.25,2026-09-01 14:00:00+09:00,1.0,5.0,TARGET,True,True,True
2026-09-01 09:00:00+09:00,9,4,032940,원익,rebound,73.9416927549195,2026-08-31 14:00:00+09:00,0,4.097808392770621,True,8100.0,8505.0,2026-09-01 10:00:00+09:00,1.0,5.0,TARGET,True,True,True
2026-09-01 09:00:00+09:00,9,5,058470,리노공업,rebound,72.97987225527628,2026-08-31 14:00:00+09:00,0,1.4998522518521376,True,66100.0,69405.0,2026-09-08 09:00:00+09:00,6.0,5.0,TARGET,False,False,False
2026-09-01 10:00:00+09:00,10,1,452260,한화갤러리아,rebound,82.57334986761083,2026-09-01 09:00:00+09:00,0,2.350110172948488,True,2015.0,2115.75,2026-09-01 14:00:00+09:00,1.0,5.0,TARGET,True,True,True
2026-09-01 10:00:00+09:00,10,2,073240,금호타이어,base_breakout,80.30806999874099,2026-09-01 09:00:00+09:00,0,3.7736674131151604,False,7660.0,8043.0,,,-6.919060052219317,OPEN_MARK_TO_MARKET,False,False,False
2026-09-01 10:00:00+09:00,10,3,108490,로보티즈,base_breakout,79.20380194518127,2026-09-01 09:00:00+09:00,0,3.6466426244592367,True,261500.0,274575.0,2026-09-04 09:00:00+09:00,4.0,5.0,TARGET,False,False,True
2026-09-01 10:00:00+09:00,10,4,204320,HL만도,rebound,77.43014504834778,2026-09-01 09:00:00+09:00,0,1.8326215663835101,False,50600.0,53130.0,,,-4.644268774703553,OPEN_MARK_TO_MARKET,False,False,False
2026-09-01 10:00:00+09:00,10,5,462860,더즌,base_breakout,76.09195809004348,2026-09-01 09:00:00+09:00,0,1.8573787922064795,True,3140.0,3297.0,2026-09-02 09:00:00+09:00,2.0,5.0,TARGET,False,True,True
2026-09-01 11:00:00+09:00,11,1,330350,위더스제약,rebound,88.43593716729254,2026-09-01 10:00:00+09:00,0,14.949124400905152,True,8625.0,9056.25,2026-09-01 13:00:00+09:00,1.0,5.0,TARGET,True,True,True
2026-09-01 11:00:00+09:00,11,2,108490,로보티즈,rebound,83.77659853915642,2026-09-01 10:00:00+09:00,0,3.3371913882640243,True,256500.0,269325.0,2026-09-04 09:00:00+09:00,4.0,5.0,TARGET,False,False,True
2026-09-01 11:00:00+09:00,11,3,073240,금호타이어,rebound,78.13916383998061,2026-09-01 10:00:00+09:00,0,3.8894489011019373,False,7550.0,7927.5,,,-5.562913907284772,OPEN_MARK_TO_MARKET,False,False,False
2026-09-01 11:00:00+09:00,11,4,002380,KCC,rebound,75.41917940352138,2026-09-01 10:00:00+09:00,0,1.4916173570019724,True,479000.0,502950.0,2026-09-08 09:00:00+09:00,6.0,5.0,TARGET,False,False,False
2026-09-01 11:00:00+09:00,11,5,064550,바이오니아,base_breakout,72.15508115737475,2026-09-01 10:00:00+09:00,0,16.71623775326023,True,9890.0,10384.5,2026-09-01 12:00:00+09:00,1.0,5.0,TARGET,True,True,True
2026-09-01 12:00:00+09:00,12,1,108490,로보티즈,rebound,89.27441789215693,2026-09-01 11:00:00+09:00,0,2.661279636495925,True,256500.0,269325.0,2026-09-04 09:00:00+09:00,4.0,5.0,TARGET,False,False,True
2026-09-01 12:00:00+09:00,12,2,330350,위더스제약,rebound,89.00569979325158,2026-09-01 11:00:00+09:00,0,16.94988700620403,True,8600.0,9030.0,2026-09-01 13:00:00+09:00,1.0,5.0,TARGET,True,True,True
2026-09-01 12:00:00+09:00,12,3,073240,금호타이어,rebound,79.88736400191087,2026-09-01 11:00:00+09:00,0,3.9118211361713535,False,7490.0,7864.5,,,-4.806408544726304,OPEN_MARK_TO_MARKET,False,False,False
2026-09-01 12:00:00+09:00,12,4,002380,KCC,rebound,77.14353588360368,2026-09-01 11:00:00+09:00,0,1.728155339805825,True,482000.0,506100.0,2026-09-08 11:00:00+09:00,6.0,5.0,TARGET,False,False,False
2026-09-01 12:00:00+09:00,12,5,332570,PS일렉트로닉스,rebound,76.21792138439167,2026-09-01 11:00:00+09:00,0,1.5318500358882117,True,7850.0,8242.5,2026-09-14 11:00:00+09:00,10.0,5.0,TARGET,False,False,False
2026-09-01 13:00:00+09:00,13,1,330350,위더스제약,rebound,86.5406490665548,2026-09-01 12:00:00+09:00,0,7.697401107384087,True,8480.0,8904.0,2026-09-01 13:00:00+09:00,1.0,5.0,TARGET,True,True,True
2026-09-01 13:00:00+09:00,13,2,0007C0,아크릴,rebound,78.48392008083253,2026-09-01 12:00:00+09:00,0,14.948424549272309,True,15840.0,16632.0,2026-09-01 13:00:00+09:00,1.0,5.0,TARGET,True,True,True
2026-09-01 13:00:00+09:00,13,3,002380,KCC,rebound,66.57083830733852,2026-09-01 12:00:00+09:00,0,1.2176709248721909,True,485500.0,509775.0,2026-09-08 11:00:00+09:00,6.0,5.0,TARGET,False,False,False
2026-09-01 13:00:00+09:00,13,4,036540,SFA반도체,rebound,65.99055441478514,2026-09-01 12:00:00+09:00,0,1.1737024121235642,True,5850.0,6142.5,2026-09-08 11:00:00+09:00,6.0,5.0,TARGET,False,False,False
2026-09-01 13:00:00+09:00,13,5,014950,삼익제약,rebound,62.26014174741776,2026-09-01 12:00:00+09:00,0,5.121097888801679,True,6460.0,6783.0,2026-09-01 13:00:00+09:00,1.0,5.0,TARGET,True,True,True
2026-09-01 14:00:00+09:00,14,1,330350,위더스제약,rebound,83.35074293617222,2026-09-01 13:00:00+09:00,0,2.504161207638878,False,9050.0,9502.5,,,-18.34254143646409,OPEN_MARK_TO_MARKET,False,False,False
2026-09-01 14:00:00+09:00,14,2,0007C0,아크릴,rebound,80.737384531952,2026-09-01 13:00:00+09:00,0,13.096238585157716,True,16530.0,17356.5,2026-09-01 14:00:00+09:00,1.0,5.0,TARGET,True,True,True
2026-09-01 14:00:00+09:00,14,3,064550,바이오니아,base_breakout,67.40680713128039,2026-09-01 13:00:00+09:00,0,5.556577250124814,False,10880.0,11424.0,,,-12.775735294117652,OPEN_MARK_TO_MARKET,False,False,False
2026-09-01 14:00:00+09:00,14,4,0039P0,매드업,rebound,47.63763936655372,2026-09-01 13:00:00+09:00,0,1.0165594773338127,True,8940.0,9387.0,2026-09-03 09:00:00+09:00,3.0,5.0,TARGET,False,True,True
2026-09-02 09:00:00+09:00,9,1,0007C0,아크릴,rebound,84.2750539691488,2026-09-01 14:00:00+09:00,0,14.768505657062128,True,17030.0,17881.5,2026-09-11 09:00:00+09:00,8.0,5.0,TARGET,False,False,False
2026-09-02 09:00:00+09:00,9,2,004170,신세계,base_breakout,74.22203964355847,2026-09-01 14:00:00+09:00,0,2.058906644843341,False,424000.0,445200.0,,,-11.910377358490564,OPEN_MARK_TO_MARKET,False,False,False
2026-09-02 09:00:00+09:00,9,3,036540,SFA반도체,rebound,71.58276279048293,2026-09-01 14:00:00+09:00,0,1.1350782967787345,True,5660.0,5943.0,2026-09-02 09:00:00+09:00,1.0,5.0,TARGET,True,True,True
2026-09-02 09:00:00+09:00,9,4,101730,위메이드맥스,rebound,67.52477534280175,2026-09-01 14:00:00+09:00,0,1.4600217318447073,True,4160.0,4368.0,2026-09-14 09:00:00+09:00,9.0,5.0,TARGET,False,False,False
2026-09-02 09:00:00+09:00,9,5,064550,바이오니아,base_breakout,59.95808383233532,2026-09-01 14:00:00+09:00,0,5.609614932560784,True,10330.0,10846.5,2026-09-04 13:00:00+09:00,3.0,5.0,TARGET,False,True,True
2026-09-02 10:00:00+09:00,10,1,0007C0,아크릴,rebound,88.64535005434212,2026-09-02 09:00:00+09:00,0,15.945168611731036,True,16510.0,17335.5,2026-09-03 09:00:00+09:00,2.0,5.0,TARGET,False,True,True
2026-09-02 10:00:00+09:00,10,2,004090,한국석유,rebound,80.60937953153508,2026-09-02 09:00:00+09:00,0,29.681729057452024,True,11350.0,11917.5,2026-09-10 09:00:00+09:00,7.0,5.0,TARGET,False,False,False
2026-09-02 10:00:00+09:00,10,3,036540,SFA반도체,rebound,78.49871218455306,2026-09-02 09:00:00+09:00,0,1.755725321039265,True,5850.0,6142.5,2026-09-08 11:00:00+09:00,5.0,5.0,TARGET,False,False,True
2026-09-02 10:00:00+09:00,10,4,024060,흥구석유,base_breakout,77.29437191249124,2026-09-02 09:00:00+09:00,0,20.967169845368353,True,11390.0,11959.5,2026-09-03 14:00:00+09:00,2.0,5.0,TARGET,False,True,True
2026-09-02 10:00:00+09:00,10,5,332570,PS일렉트로닉스,rebound,73.18477754944551,2026-09-02 09:00:00+09:00,0,1.515327519510414,False,8040.0,8442.0,,,-0.8706467661691586,OPEN_MARK_TO_MARKET,False,False,False
2026-09-02 11:00:00+09:00,11,1,053260,금강철강,base_breakout,83.35818782444541,2026-09-02 10:00:00+09:00,0,4.119327146684693,True,5610.0,5890.5,2026-09-03 09:00:00+09:00,2.0,5.0,TARGET,False,True,True
2026-09-02 11:00:00+09:00,11,2,064290,인텍플러스,base_breakout,83.30215029926846,2026-09-02 10:00:00+09:00,0,2.6952917021757954,True,33850.0,35542.5,2026-09-02 11:00:00+09:00,1.0,5.0,TARGET,True,True,True
2026-09-02 11:00:00+09:00,11,3,950260,인제니아테라퓨틱스(Reg.S),rebound,80.63164325953139,2026-09-02 10:00:00+09:00,0,4.320794307258347,False,18840.0,19782.0,,,-22.983014861995755,OPEN_MARK_TO_MARKET,False,False,False
2026-09-02 11:00:00+09:00,11,4,079650,서산,base_breakout,75.38064421238418,2026-09-02 10:00:00+09:00,0,4.5134883309653695,True,6790.0,7129.5,2026-09-03 09:00:00+09:00,2.0,5.0,TARGET,False,True,True
2026-09-02 11:00:00+09:00,11,5,218410,RFHIC,rebound,74.03221525743933,2026-09-02 10:00:00+09:00,0,3.894334868705957,True,47200.0,49560.0,2026-09-08 12:00:00+09:00,5.0,5.0,TARGET,False,False,True
2026-09-02 12:00:00+09:00,12,1,064290,인텍플러스,rebound,85.0718087573107,2026-09-02 11:00:00+09:00,0,3.5153346876083833,True,34450.0,36172.5,2026-09-04 09:00:00+09:00,3.0,5.0,TARGET,False,True,True
2026-09-02 12:00:00+09:00,12,2,053260,금강철강,rebound,84.60005629766113,2026-09-02 11:00:00+09:00,0,3.467142859775519,True,5550.0,5827.5,2026-09-03 09:00:00+09:00,2.0,5.0,TARGET,False,True,True
2026-09-02 12:00:00+09:00,12,3,004090,한국석유,rebound,81.96464206984572,2026-09-02 11:00:00+09:00,0,32.73787506078493,True,11350.0,11917.5,2026-09-10 09:00:00+09:00,7.0,5.0,TARGET,False,False,False
2026-09-02 12:00:00+09:00,12,4,232140,와이씨,rebound,79.10163925698521,2026-09-02 11:00:00+09:00,0,1.90874199987469,False,12520.0,13146.0,,,-9.185303514376997,OPEN_MARK_TO_MARKET,False,False,False
2026-09-02 12:00:00+09:00,12,5,218410,RFHIC,rebound,78.80696626581684,2026-09-02 11:00:00+09:00,0,4.103135768570345,True,47300.0,49665.0,2026-09-08 12:00:00+09:00,5.0,5.0,TARGET,False,False,True
2026-09-02 13:00:00+09:00,13,1,053260,금강철강,rebound,90.18800904977374,2026-09-02 12:00:00+09:00,0,3.143730686853178,True,5500.0,5775.0,2026-09-03 09:00:00+09:00,2.0,5.0,TARGET,False,True,True
2026-09-02 13:00:00+09:00,13,2,064290,인텍플러스,rebound,88.29521049522278,2026-09-02 12:00:00+09:00,0,3.3863340829835766,True,33400.0,35070.0,2026-09-03 09:00:00+09:00,2.0,5.0,TARGET,False,True,True
2026-09-02 13:00:00+09:00,13,3,232140,와이씨,rebound,78.76145372928013,2026-09-02 12:00:00+09:00,0,1.3240039465950495,False,12370.0,12988.5,,,-8.08407437348424,OPEN_MARK_TO_MARKET,False,False,False
2026-09-02 13:00:00+09:00,13,4,477850,마키나락스,rebound,76.56097981135953,2026-09-02 12:00:00+09:00,0,1.6224899309637417,False,24900.0,26145.0,,,-10.040160642570283,OPEN_MARK_TO_MARKET,False,False,False
2026-09-02 13:00:00+09:00,13,5,044490,태웅,rebound,74.42676414615403,2026-09-02 12:00:00+09:00,0,3.2673073783954267,True,37075.0,38928.75,2026-09-03 12:00:00+09:00,2.0,5.0,TARGET,False,True,True
2026-09-02 14:00:00+09:00,14,1,064290,인텍플러스,rebound,86.83742656479399,2026-09-02 13:00:00+09:00,0,2.8196486864171875,True,34050.0,35752.5,2026-09-03 12:00:00+09:00,2.0,5.0,TARGET,False,True,True
2026-09-02 14:00:00+09:00,14,2,232140,와이씨,rebound,81.92486391181808,2026-09-02 13:00:00+09:00,0,1.5411023850474184,False,12240.0,12852.0,,,-7.107843137254899,OPEN_MARK_TO_MARKET,False,False,False
2026-09-02 14:00:00+09:00,14,3,477850,마키나락스,rebound,77.9411547241953,2026-09-02 13:00:00+09:00,0,1.2964644647867776,False,24550.0,25777.5,,,-8.757637474541745,OPEN_MARK_TO_MARKET,False,False,False
2026-09-02 14:00:00+09:00,14,4,446540,메가터치,rebound,76.7738969077164,2026-09-02 13:00:00+09:00,0,2.313960843151964,True,7380.0,7749.0,2026-09-07 09:00:00+09:00,4.0,5.0,TARGET,False,False,True
2026-09-02 14:00:00+09:00,14,5,131290,티에스이,rebound,71.24069940899693,2026-09-02 13:00:00+09:00,0,1.7140475621943343,True,233000.0,244650.0,2026-09-07 09:00:00+09:00,4.0,5.0,TARGET,False,False,True
2026-09-03 09:00:00+09:00,9,1,218410,RFHIC,rebound,82.73251375982534,2026-09-02 14:00:00+09:00,0,2.3564702779374755,True,48100.0,50505.0,2026-09-09 09:00:00+09:00,5.0,5.0,TARGET,False,False,True
2026-09-03 09:00:00+09:00,9,2,064290,인텍플러스,rebound,80.44527290640673,2026-09-02 14:00:00+09:00,0,2.0713754930167867,True,34200.0,35910.0,2026-09-03 12:00:00+09:00,1.0,5.0,TARGET,True,True,True
2026-09-03 09:00:00+09:00,9,3,477850,마키나락스,rebound,76.69134025736403,2026-09-02 14:00:00+09:00,0,1.1414334503207908,False,24950.0,26197.5,,,-10.220440881763526,OPEN_MARK_TO_MARKET,False,False,False
2026-09-03 09:00:00+09:00,9,4,131290,티에스이,rebound,67.71206885769027,2026-09-02 14:00:00+09:00,0,1.4841102942228355,True,234500.0,246225.0,2026-09-07 09:00:00+09:00,3.0,5.0,TARGET,False,True,True
2026-09-03 09:00:00+09:00,9,5,446540,메가터치,rebound,59.01532879509718,2026-09-02 14:00:00+09:00,0,1.0829910364881767,True,7300.0,7665.0,2026-09-07 09:00:00+09:00,3.0,5.0,TARGET,False,True,True
2026-09-03 10:00:00+09:00,10,1,064290,인텍플러스,rebound,80.26164842057813,2026-09-03 09:00:00+09:00,0,2.190119807092448,True,33800.0,35490.0,2026-09-03 12:00:00+09:00,1.0,5.0,TARGET,True,True,True
2026-09-03 10:00:00+09:00,10,2,001450,현대해상,rebound,77.14101813940775,2026-09-03 09:00:00+09:00,0,2.3053525209540604,False,53700.0,56385.0,,,-5.400372439478584,OPEN_MARK_TO_MARKET,False,False,False
2026-09-03 10:00:00+09:00,10,3,162300,신스틸,base_breakout,76.02445581476022,2026-09-03 09:00:00+09:00,0,163.3865738563321,True,2105.0,2210.25,2026-09-04 09:00:00+09:00,2.0,5.0,TARGET,False,True,True
2026-09-03 10:00:00+09:00,10,4,053260,금강철강,base_breakout,72.96333572969085,2026-09-03 09:00:00+09:00,0,122.2024366965242,True,6530.0,6856.5,2026-09-07 13:00:00+09:00,3.0,5.0,TARGET,False,True,True
2026-09-03 10:00:00+09:00,10,5,041510,에스엠,rebound,62.70128231254502,2026-09-03 09:00:00+09:00,0,1.344529509021638,True,76900.0,80745.0,2026-09-07 10:00:00+09:00,3.0,5.0,TARGET,False,True,True
2026-09-03 11:00:00+09:00,11,1,004020,현대제철,rebound,82.45078231729815,2026-09-03 10:00:00+09:00,0,3.5454809327689953,True,31400.0,32970.0,2026-09-08 09:00:00+09:00,4.0,5.0,TARGET,False,False,True
2026-09-03 11:00:00+09:00,11,2,001450,현대해상,rebound,81.0119838179689,2026-09-03 10:00:00+09:00,0,2.366497295779585,False,53300.0,55965.0,,,-4.690431519699811,OPEN_MARK_TO_MARKET,False,False,False
2026-09-03 11:00:00+09:00,11,3,092790,넥스틸,rebound,77.31281523657793,2026-09-03 10:00:00+09:00,0,32.61332924677696,True,13170.0,13828.5,2026-09-09 12:00:00+09:00,5.0,5.0,TARGET,False,False,True
2026-09-03 11:00:00+09:00,11,4,271560,오리온,rebound,74.4204558704406,2026-09-03 10:00:00+09:00,0,1.5805180696082413,False,129700.0,136185.0,,,-11.796453353893599,OPEN_MARK_TO_MARKET,False,False,False
2026-09-03 11:00:00+09:00,11,5,064290,인텍플러스,rebound,69.92611412258819,2026-09-03 10:00:00+09:00,0,1.4382799950574572,True,34400.0,36120.0,2026-09-04 09:00:00+09:00,2.0,5.0,TARGET,False,True,True
2026-09-03 12:00:00+09:00,12,1,004020,현대제철,rebound,84.0031201207007,2026-09-03 11:00:00+09:00,0,3.5703579364487434,True,31550.0,33127.5,2026-09-08 09:00:00+09:00,4.0,5.0,TARGET,False,False,True
2026-09-03 12:00:00+09:00,12,2,092790,넥스틸,rebound,78.24100972690405,2026-09-03 11:00:00+09:00,0,35.95676169489743,True,13230.0,13891.5,2026-09-09 14:00:00+09:00,5.0,5.0,TARGET,False,False,True
2026-09-03 12:00:00+09:00,12,3,001450,현대해상,rebound,77.11655781050513,2026-09-03 11:00:00+09:00,0,2.104045433473115,False,53800.0,56490.0,,,-5.576208178438657,OPEN_MARK_TO_MARKET,False,False,False
2026-09-03 12:00:00+09:00,12,4,271560,오리온,rebound,73.43991855428663,2026-09-03 11:00:00+09:00,0,1.2894666452682826,False,129700.0,136185.0,,,-11.796453353893599,OPEN_MARK_TO_MARKET,False,False,False
2026-09-03 12:00:00+09:00,12,5,095340,ISC,rebound,73.02756836051728,2026-09-03 11:00:00+09:00,0,1.2056891468690474,True,174300.0,183015.0,2026-09-04 14:00:00+09:00,2.0,5.0,TARGET,False,True,True
2026-09-03 13:00:00+09:00,13,1,375500,DL이앤씨,rebound,78.07151683906883,2026-09-03 12:00:00+09:00,0,2.025430383966582,True,73400.0,77070.0,2026-09-07 12:00:00+09:00,3.0,5.0,TARGET,False,True,True
2026-09-03 13:00:00+09:00,13,2,004020,현대제철,rebound,76.78994144801197,2026-09-03 12:00:00+09:00,0,1.8682692143065038,True,31750.0,33337.5,2026-09-08 09:00:00+09:00,4.0,5.0,TARGET,False,False,True
2026-09-03 13:00:00+09:00,13,3,031980,피에스케이홀딩스,rebound,65.39319292906441,2026-09-03 12:00:00+09:00,0,1.6988976708996826,True,130700.0,137235.0,2026-09-04 09:00:00+09:00,2.0,5.0,TARGET,False,True,True
2026-09-03 13:00:00+09:00,13,4,064290,인텍플러스,base_breakout,63.40931196209118,2026-09-03 12:00:00+09:00,0,1.1851445282011106,True,35250.0,37012.5,2026-09-04 09:00:00+09:00,2.0,5.0,TARGET,False,True,True
2026-09-03 13:00:00+09:00,13,5,092790,넥스틸,rebound,62.355435357700074,2026-09-03 12:00:00+09:00,0,1.0108827998624608,True,13240.0,13902.0,2026-09-09 14:00:00+09:00,5.0,5.0,TARGET,False,False,True
2026-09-03 14:00:00+09:00,14,1,375500,DL이앤씨,rebound,78.04816609162359,2026-09-03 13:00:00+09:00,0,1.9629104137013724,True,73700.0,77385.0,2026-09-07 12:00:00+09:00,3.0,5.0,TARGET,False,True,True
2026-09-03 14:00:00+09:00,14,2,031980,피에스케이홀딩스,rebound,71.56424630144514,2026-09-03 13:00:00+09:00,0,2.669414309659773,True,133600.0,140280.0,2026-09-04 09:00:00+09:00,2.0,5.0,TARGET,False,True,True
2026-09-03 14:00:00+09:00,14,3,004020,현대제철,rebound,66.68806302690722,2026-09-03 13:00:00+09:00,0,1.016097545979264,True,32000.0,33600.0,2026-09-08 11:00:00+09:00,4.0,5.0,TARGET,False,False,True
2026-09-03 14:00:00+09:00,14,4,053260,금강철강,rebound,51.97698792708023,2026-09-03 13:00:00+09:00,0,1.9001941276728511,True,6690.0,7024.5,2026-09-07 13:00:00+09:00,3.0,5.0,TARGET,False,True,True
2026-09-04 09:00:00+09:00,9,1,375500,DL이앤씨,rebound,85.3428161049095,2026-09-03 14:00:00+09:00,0,2.363883752472164,True,72600.0,76230.0,2026-09-07 11:00:00+09:00,2.0,5.0,TARGET,False,True,True
2026-09-04 09:00:00+09:00,9,2,031980,피에스케이홀딩스,rebound,74.26274117702432,2026-09-03 14:00:00+09:00,0,3.029531653873543,True,130700.0,137235.0,2026-09-04 09:00:00+09:00,1.0,5.0,TARGET,True,True,True
2026-09-04 09:00:00+09:00,9,3,004020,현대제철,rebound,72.39621162541893,2026-09-03 14:00:00+09:00,0,1.4976029036035894,True,31550.0,33127.5,2026-09-08 09:00:00+09:00,3.0,5.0,TARGET,False,True,True
2026-09-04 10:00:00+09:00,10,1,052710,아모텍,base_breakout,82.79221469376907,2026-09-04 09:00:00+09:00,0,3.5786915978721963,True,11270.0,11833.5,2026-09-09 09:00:00+09:00,4.0,5.0,TARGET,False,False,True
2026-09-04 10:00:00+09:00,10,2,030530,원익홀딩스,base_breakout,80.1933715220949,2026-09-04 09:00:00+09:00,0,5.197612591195428,True,19030.0,19981.5,2026-09-04 12:00:00+09:00,1.0,5.0,TARGET,True,True,True
2026-09-04 10:00:00+09:00,10,3,064290,인텍플러스,base_breakout,78.97454681476493,2026-09-04 09:00:00+09:00,0,2.133896504298742,True,38400.0,40320.0,2026-09-04 10:00:00+09:00,1.0,5.0,TARGET,True,True,True
2026-09-04 10:00:00+09:00,10,4,031980,피에스케이홀딩스,base_breakout,77.37034835334681,2026-09-04 09:00:00+09:00,0,3.5253794823426357,True,141900.0,148995.0,2026-09-07 09:00:00+09:00,2.0,5.0,TARGET,False,True,True
2026-09-04 10:00:00+09:00,10,5,095610,테스,rebound,76.93076487351642,2026-09-04 09:00:00+09:00,0,1.8399557331543044,True,139900.0,146895.0,2026-09-04 14:00:00+09:00,1.0,5.0,TARGET,True,True,True
2026-09-04 11:00:00+09:00,11,1,030530,원익홀딩스,rebound,83.99328197498241,2026-09-04 10:00:00+09:00,0,7.139899207816255,True,19210.0,20170.5,2026-09-04 12:00:00+09:00,1.0,5.0,TARGET,True,True,True
2026-09-04 11:00:00+09:00,11,2,095610,테스,rebound,83.1558578552625,2026-09-04 10:00:00+09:00,0,2.1646504951916175,True,140700.0,147735.0,2026-09-04 14:00:00+09:00,1.0,5.0,TARGET,True,True,True
2026-09-04 11:00:00+09:00,11,3,052710,아모텍,rebound,81.46188327386945,2026-09-04 10:00:00+09:00,0,4.123723740114246,True,11110.0,11665.5,2026-09-07 09:00:00+09:00,2.0,5.0,TARGET,False,True,True
2026-09-04 11:00:00+09:00,11,4,041190,우리기술투자,rebound,79.03172831347891,2026-09-04 10:00:00+09:00,0,10.680704255142931,False,6430.0,6751.5,,,-13.685847589424572,OPEN_MARK_TO_MARKET,False,False,False
2026-09-04 11:00:00+09:00,11,5,158430,아톤,rebound,77.75161123906034,2026-09-04 10:00:00+09:00,0,8.698586455921413,False,4860.0,5103.0,,,0.10288065843622185,OPEN_MARK_TO_MARKET,False,False,False
2026-09-04 12:00:00+09:00,12,1,041190,우리기술투자,rebound,89.05634058504317,2026-09-04 11:00:00+09:00,0,10.910643141961753,False,6380.0,6699.0,,,-13.00940438871473,OPEN_MARK_TO_MARKET,False,False,False
2026-09-04 12:00:00+09:00,12,2,030530,원익홀딩스,rebound,87.10806368655926,2026-09-04 11:00:00+09:00,0,5.392081716581418,True,19710.0,20695.5,2026-09-04 13:00:00+09:00,1.0,5.0,TARGET,True,True,True
2026-09-04 12:00:00+09:00,12,3,064260,다날,rebound,85.30940416685101,2026-09-04 11:00:00+09:00,0,5.609174973253599,False,5270.0,5533.5,,,-5.692599620493355,OPEN_MARK_TO_MARKET,False,False,False
2026-09-04 12:00:00+09:00,12,4,158430,아톤,rebound,84.44086675235248,2026-09-04 11:00:00+09:00,0,9.16309444426804,False,4885.0,5129.25,,,-0.4094165813715467,OPEN_MARK_TO_MARKET,False,False,False
2026-09-04 12:00:00+09:00,12,5,090360,로보스타,rebound,84.06284423945858,2026-09-04 11:00:00+09:00,0,10.105801565842249,True,78000.0,81900.0,2026-09-07 09:00:00+09:00,2.0,5.0,TARGET,False,True,True
2026-09-04 13:00:00+09:00,13,1,294570,쿠콘,rebound,87.55246648125888,2026-09-04 12:00:00+09:00,0,2.481443999228414,False,31100.0,32655.0,,,-7.556270096463025,OPEN_MARK_TO_MARKET,False,False,False
2026-09-04 13:00:00+09:00,13,2,058610,에스피지,rebound,86.00002285669878,2026-09-04 12:00:00+09:00,0,3.143099832568172,True,95200.0,99960.0,2026-09-10 09:00:00+09:00,5.0,5.0,TARGET,False,False,True
2026-09-04 13:00:00+09:00,13,3,158430,아톤,rebound,85.35741169674759,2026-09-04 12:00:00+09:00,0,4.683534441438057,False,4870.0,5113.5,,,-0.10266940451745254,OPEN_MARK_TO_MARKET,False,False,False
2026-09-04 13:00:00+09:00,13,4,030530,원익홀딩스,rebound,84.41188753717687,2026-09-04 12:00:00+09:00,0,3.854949192318829,True,20350.0,21367.5,2026-09-04 13:00:00+09:00,1.0,5.0,TARGET,True,True,True
2026-09-04 13:00:00+09:00,13,5,437730,삼현,rebound,83.07133125146657,2026-09-04 12:00:00+09:00,0,2.04812711615879,True,32450.0,34072.5,2026-09-07 09:00:00+09:00,2.0,5.0,TARGET,False,True,True
2026-09-04 14:00:00+09:00,14,1,058610,에스피지,rebound,85.82502206591762,2026-09-04 13:00:00+09:00,0,2.306782237411875,False,96900.0,101745.0,,,-6.19195046439629,OPEN_MARK_TO_MARKET,False,False,False
2026-09-04 14:00:00+09:00,14,2,014950,삼익제약,rebound,85.36987628100657,2026-09-04 13:00:00+09:00,0,4.726145587687332,True,7000.0,7350.0,2026-09-07 09:00:00+09:00,2.0,5.0,TARGET,False,True,True
2026-09-04 14:00:00+09:00,14,3,158430,아톤,rebound,80.87693385003473,2026-09-04 13:00:00+09:00,0,2.0658213526760627,True,4835.0,5076.75,2026-09-11 10:00:00+09:00,6.0,5.0,TARGET,False,False,False
2026-09-04 14:00:00+09:00,14,4,437730,삼현,rebound,80.27525817183735,2026-09-04 13:00:00+09:00,0,1.6187711603122725,True,32850.0,34492.5,2026-09-07 09:00:00+09:00,2.0,5.0,TARGET,False,True,True
2026-09-04 14:00:00+09:00,14,5,090360,로보스타,rebound,78.24162385150764,2026-09-04 13:00:00+09:00,0,1.2421601683215902,True,78100.0,82005.0,2026-09-07 09:00:00+09:00,2.0,5.0,TARGET,False,True,True
2026-09-07 09:00:00+09:00,9,1,336260,두산퓨얼셀,base_breakout,65.7761810187531,2026-09-04 14:00:00+09:00,0,1.1414181815745428,True,45650.0,47932.5,2026-09-07 09:00:00+09:00,1.0,5.0,TARGET,True,True,True
2026-09-07 10:00:00+09:00,10,1,012210,삼미금속,base_breakout,82.46100053792358,2026-09-07 09:00:00+09:00,0,3.635668044224606,True,9080.0,9534.0,2026-09-07 10:00:00+09:00,1.0,5.0,TARGET,True,True,True
2026-09-07 10:00:00+09:00,10,2,411080,샌즈랩,rebound,80.4919043393049,2026-09-07 09:00:00+09:00,0,2.1882110879591288,True,4205.0,4415.25,2026-09-11 09:00:00+09:00,5.0,5.0,TARGET,False,False,True
2026-09-07 10:00:00+09:00,10,3,069540,빛과전자,base_breakout,76.38849651069852,2026-09-07 09:00:00+09:00,0,1.6712333426792827,True,2800.0,2940.0,2026-09-08 09:00:00+09:00,2.0,5.0,TARGET,False,True,True
2026-09-07 10:00:00+09:00,10,4,083650,비에이치아이,base_breakout,71.09833525797524,2026-09-07 09:00:00+09:00,0,1.6728091294558807,True,67100.0,70455.0,2026-09-08 09:00:00+09:00,2.0,5.0,TARGET,False,True,True
2026-09-07 10:00:00+09:00,10,5,440110,파두,base_breakout,70.85195398127973,2026-09-07 09:00:00+09:00,0,2.060481745568717,True,71200.0,74760.0,2026-09-08 13:00:00+09:00,2.0,5.0,TARGET,False,True,True
2026-09-07 11:00:00+09:00,11,1,006340,대원전선,rebound,81.41599298587406,2026-09-07 10:00:00+09:00,0,2.1074872551451986,False,13350.0,14017.5,,,-2.9962546816479363,OPEN_MARK_TO_MARKET,False,False,False
2026-09-07 11:00:00+09:00,11,2,012210,삼미금속,rebound,80.22319434819441,2026-09-07 10:00:00+09:00,0,20.96427135247978,True,9080.0,9534.0,2026-09-07 11:00:00+09:00,1.0,5.0,TARGET,True,True,True
2026-09-07 11:00:00+09:00,11,3,083650,비에이치아이,rebound,78.19329741974134,2026-09-07 10:00:00+09:00,0,3.0040454919411435,True,66800.0,70140.0,2026-09-08 09:00:00+09:00,2.0,5.0,TARGET,False,True,True
2026-09-07 11:00:00+09:00,11,4,069540,빛과전자,rebound,77.3462529647674,2026-09-07 10:00:00+09:00,0,2.1648176419115606,True,2795.0,2934.75,2026-09-08 09:00:00+09:00,2.0,5.0,TARGET,False,True,True
2026-09-07 11:00:00+09:00,11,5,131970,두산테스나,rebound,73.68484029473385,2026-09-07 10:00:00+09:00,0,2.2303785218409184,True,83400.0,87570.0,2026-09-10 11:00:00+09:00,4.0,5.0,TARGET,False,False,True
2026-09-07 12:00:00+09:00,12,1,006340,대원전선,rebound,86.92483710598442,2026-09-07 11:00:00+09:00,0,1.9730964788653367,False,13340.0,14007.0,,,-2.923538230884559,OPEN_MARK_TO_MARKET,False,False,False
2026-09-07 12:00:00+09:00,12,2,069540,빛과전자,rebound,85.08961706084376,2026-09-07 11:00:00+09:00,0,2.4443314439891988,True,2800.0,2940.0,2026-09-08 09:00:00+09:00,2.0,5.0,TARGET,False,True,True
2026-09-07 12:00:00+09:00,12,3,083650,비에이치아이,rebound,76.20730858124924,2026-09-07 11:00:00+09:00,0,3.399501512146722,True,66800.0,70140.0,2026-09-08 09:00:00+09:00,2.0,5.0,TARGET,False,True,True
2026-09-07 12:00:00+09:00,12,4,217590,티엠씨,rebound,75.85147061706712,2026-09-07 11:00:00+09:00,0,1.7535897635875033,True,10890.0,11434.5,2026-09-07 13:00:00+09:00,1.0,5.0,TARGET,True,True,True
2026-09-07 12:00:00+09:00,12,5,131970,두산테스나,rebound,75.59710984308262,2026-09-07 11:00:00+09:00,0,1.6822646099849436,True,83100.0,87255.0,2026-09-10 11:00:00+09:00,4.0,5.0,TARGET,False,False,True
2026-09-07 13:00:00+09:00,13,1,006340,대원전선,rebound,92.25392639166307,2026-09-07 12:00:00+09:00,0,2.2073234983096763,False,13270.0,13933.5,,,-2.4114544084400946,OPEN_MARK_TO_MARKET,False,False,False
2026-09-07 13:00:00+09:00,13,2,217590,티엠씨,rebound,87.75021172582021,2026-09-07 12:00:00+09:00,0,2.326084629094326,True,10850.0,11392.5,2026-09-07 13:00:00+09:00,1.0,5.0,TARGET,True,True,True
2026-09-07 13:00:00+09:00,13,3,178320,서진시스템,rebound,83.81135171969508,2026-09-07 12:00:00+09:00,0,1.398596417088892,True,36350.0,38167.5,2026-09-08 09:00:00+09:00,2.0,5.0,TARGET,False,True,True
2026-09-07 13:00:00+09:00,13,4,000250,삼천당제약,rebound,83.67039059622752,2026-09-07 12:00:00+09:00,0,1.642864510018405,False,162200.0,170310.0,,,-2.83600493218249,OPEN_MARK_TO_MARKET,False,False,False
2026-09-07 13:00:00+09:00,13,5,036540,SFA반도체,rebound,83.4378235486227,2026-09-07 12:00:00+09:00,0,2.221910750675773,True,5930.0,6226.5,2026-09-08 13:00:00+09:00,2.0,5.0,TARGET,False,True,True
2026-09-07 14:00:00+09:00,14,1,217590,티엠씨,rebound,95.28096546310843,2026-09-07 13:00:00+09:00,0,6.529972423990526,True,10800.0,11340.0,2026-09-09 09:00:00+09:00,3.0,5.0,TARGET,False,True,True
2026-09-07 14:00:00+09:00,14,2,162300,신스틸,rebound,81.35614856854176,2026-09-07 13:00:00+09:00,0,5.458998424870011,True,2125.0,2231.25,2026-09-08 09:00:00+09:00,2.0,5.0,TARGET,False,True,True
2026-09-07 14:00:00+09:00,14,3,053260,금강철강,rebound,78.96358513123724,2026-09-07 13:00:00+09:00,0,3.6454438687611046,True,6500.0,6825.0,2026-09-08 10:00:00+09:00,2.0,5.0,TARGET,False,True,True
2026-09-07 14:00:00+09:00,14,4,036540,SFA반도체,rebound,75.69599374909733,2026-09-07 13:00:00+09:00,0,1.4173422346215598,True,5970.0,6268.5,2026-09-08 13:00:00+09:00,2.0,5.0,TARGET,False,True,True
2026-09-07 14:00:00+09:00,14,5,012210,삼미금속,rebound,72.72428284382886,2026-09-07 13:00:00+09:00,0,25.95608060808739,True,10110.0,10615.5,2026-09-08 09:00:00+09:00,2.0,5.0,TARGET,False,True,True
2026-09-08 09:00:00+09:00,9,1,217590,티엠씨,rebound,91.5319255907491,2026-09-07 14:00:00+09:00,0,6.731279853680424,True,10730.0,11266.5,2026-09-09 09:00:00+09:00,2.0,5.0,TARGET,False,True,True
2026-09-08 09:00:00+09:00,9,2,053260,금강철강,rebound,83.72490105855793,2026-09-07 14:00:00+09:00,0,2.4458555901542605,True,6390.0,6709.5,2026-09-08 10:00:00+09:00,1.0,5.0,TARGET,True,True,True
2026-09-08 09:00:00+09:00,9,3,204270,제이앤티씨,base_breakout,82.79185520361995,2026-09-07 14:00:00+09:00,0,2.7299285083093006,True,21300.0,22365.0,2026-09-09 09:00:00+09:00,2.0,5.0,TARGET,False,True,True
2026-09-08 09:00:00+09:00,9,4,001820,삼화콘덴서,rebound,76.97371426817675,2026-09-07 14:00:00+09:00,0,1.4067107109632468,True,116800.0,122640.0,2026-09-11 09:00:00+09:00,4.0,5.0,TARGET,False,False,True
2026-09-08 09:00:00+09:00,9,5,032820,우리기술,rebound,76.52152559489905,2026-09-07 14:00:00+09:00,0,1.7970589784970086,True,11300.0,11865.0,2026-09-08 09:00:00+09:00,1.0,5.0,TARGET,True,True,True
2026-09-08 10:00:00+09:00,10,1,073240,금호타이어,rebound,88.06875568331554,2026-09-08 09:00:00+09:00,0,2.919497344450215,True,7320.0,7686.0,2026-09-10 14:00:00+09:00,3.0,5.0,TARGET,False,True,True
2026-09-08 10:00:00+09:00,10,2,217590,티엠씨,rebound,85.81787661377949,2026-09-08 09:00:00+09:00,0,8.412926419941622,True,10870.0,11413.5,2026-09-09 09:00:00+09:00,2.0,5.0,TARGET,False,True,True
2026-09-08 10:00:00+09:00,10,3,356680,엑스게이트,base_breakout,82.85515821970668,2026-09-08 09:00:00+09:00,0,2.7287064689793152,True,11690.0,12274.5,2026-09-09 09:00:00+09:00,2.0,5.0,TARGET,False,True,True
2026-09-08 10:00:00+09:00,10,4,032820,우리기술,base_breakout,82.82109626900044,2026-09-08 09:00:00+09:00,0,11.221730286999803,True,11460.0,12033.0,2026-09-08 11:00:00+09:00,1.0,5.0,TARGET,True,True,True
2026-09-08 10:00:00+09:00,10,5,058470,리노공업,base_breakout,80.18040902120421,2026-09-08 09:00:00+09:00,0,2.3062368119083794,False,70700.0,74235.0,,,-7.7086280056577134,OPEN_MARK_TO_MARKET,False,False,False
2026-09-08 11:00:00+09:00,11,1,330350,위더스제약,rebound,88.3926608891896,2026-09-08 10:00:00+09:00,0,2.491309038480065,True,7780.0,8169.0,2026-09-09 11:00:00+09:00,2.0,5.0,TARGET,False,True,True
2026-09-08 11:00:00+09:00,11,2,046970,우리로,rebound,86.86040592988492,2026-09-08 10:00:00+09:00,0,5.258968335204633,True,5100.0,5355.0,2026-09-09 09:00:00+09:00,2.0,5.0,TARGET,False,True,True
2026-09-08 11:00:00+09:00,11,3,222800,심텍,rebound,84.41943762684201,2026-09-08 10:00:00+09:00,0,2.2682035526329147,True,125400.0,131670.0,2026-09-09 10:00:00+09:00,2.0,5.0,TARGET,False,True,True
2026-09-08 11:00:00+09:00,11,4,073240,금호타이어,rebound,83.9452719727286,2026-09-08 10:00:00+09:00,0,2.7434926581293215,True,7360.0,7728.0,2026-09-10 14:00:00+09:00,3.0,5.0,TARGET,False,True,True
2026-09-08 11:00:00+09:00,11,5,010170,대한광통신,rebound,81.07485903630656,2026-09-08 10:00:00+09:00,0,7.498064371037604,True,14135.0,14841.75,2026-09-09 09:00:00+09:00,2.0,5.0,TARGET,False,True,True
2026-09-08 12:00:00+09:00,12,1,330350,위더스제약,rebound,87.53478010637455,2026-09-08 11:00:00+09:00,0,2.7314520267650835,True,7690.0,8074.5,2026-09-09 11:00:00+09:00,2.0,5.0,TARGET,False,True,True
2026-09-08 12:00:00+09:00,12,2,046970,우리로,rebound,87.04448938830767,2026-09-08 11:00:00+09:00,0,5.440081024980099,True,5100.0,5355.0,2026-09-09 09:00:00+09:00,2.0,5.0,TARGET,False,True,True
2026-09-08 12:00:00+09:00,12,3,222800,심텍,rebound,85.80601213063882,2026-09-08 11:00:00+09:00,0,2.238594201515535,True,126100.0,132405.0,2026-09-09 11:00:00+09:00,2.0,5.0,TARGET,False,True,True
2026-09-08 12:00:00+09:00,12,4,043260,성호전자,rebound,84.17158314687097,2026-09-08 11:00:00+09:00,0,4.163519178431454,True,17100.0,17955.0,2026-09-09 09:00:00+09:00,2.0,5.0,TARGET,False,True,True
2026-09-08 12:00:00+09:00,12,5,327260,RF머트리얼즈,rebound,83.6727740225928,2026-09-08 11:00:00+09:00,0,3.5236605408348476,True,35700.0,37485.0,2026-09-09 09:00:00+09:00,2.0,5.0,TARGET,False,True,True
2026-09-08 13:00:00+09:00,13,1,043260,성호전자,rebound,85.18669434234216,2026-09-08 12:00:00+09:00,0,2.5137097261102475,True,16860.0,17703.0,2026-09-09 09:00:00+09:00,2.0,5.0,TARGET,False,True,True
2026-09-08 13:00:00+09:00,13,2,330350,위더스제약,rebound,84.09015334097721,2026-09-08 12:00:00+09:00,0,2.3555276802866105,True,7680.0,8064.0,2026-09-09 11:00:00+09:00,2.0,5.0,TARGET,False,True,True
2026-09-08 13:00:00+09:00,13,3,327260,RF머트리얼즈,rebound,81.7572234517992,2026-09-08 12:00:00+09:00,0,2.105428546653692,True,36100.0,37905.0,2026-09-09 09:00:00+09:00,2.0,5.0,TARGET,False,True,True
2026-09-08 13:00:00+09:00,13,4,056190,SFA,rebound,79.28009667497649,2026-09-08 12:00:00+09:00,0,2.2564656382029553,True,24250.0,25462.5,2026-09-14 13:00:00+09:00,5.0,5.0,TARGET,False,False,True
2026-09-08 13:00:00+09:00,13,5,001210,금호전기,rebound,67.88476396263783,2026-09-08 12:00:00+09:00,0,1.3378040122730044,True,12670.0,13303.5,2026-09-14 09:00:00+09:00,5.0,5.0,TARGET,False,False,True
2026-09-08 14:00:00+09:00,14,1,119850,지엔씨에너지,base_breakout,76.39331271743333,2026-09-08 13:00:00+09:00,0,3.615420204226076,True,46750.0,49087.5,2026-09-09 09:00:00+09:00,2.0,5.0,TARGET,False,True,True
2026-09-08 14:00:00+09:00,14,2,327260,RF머트리얼즈,rebound,76.13047213664862,2026-09-08 13:00:00+09:00,0,1.4727140386092032,True,35300.0,37065.0,2026-09-09 09:00:00+09:00,2.0,5.0,TARGET,False,True,True
2026-09-08 14:00:00+09:00,14,3,010580,에스엠벡셀,base_breakout,73.19880576044957,2026-09-08 13:00:00+09:00,0,49.68134918132611,True,2065.0,2168.25,2026-09-08 14:00:00+09:00,1.0,5.0,TARGET,True,True,True
2026-09-08 14:00:00+09:00,14,4,043260,성호전자,rebound,73.03072549675896,2026-09-08 13:00:00+09:00,0,1.585994281725565,True,16710.0,17545.5,2026-09-09 09:00:00+09:00,2.0,5.0,TARGET,False,True,True
2026-09-08 14:00:00+09:00,14,5,036540,SFA반도체,base_breakout,72.99535376247323,2026-09-08 13:00:00+09:00,0,1.8778510693918213,True,6260.0,6573.0,2026-09-09 09:00:00+09:00,2.0,5.0,TARGET,False,True,True
2026-09-09 09:00:00+09:00,9,1,119850,지엔씨에너지,rebound,80.97756825854778,2026-09-08 14:00:00+09:00,0,4.581457841157118,True,47850.0,50242.5,2026-09-09 09:00:00+09:00,1.0,5.0,TARGET,True,True,
2026-09-09 09:00:00+09:00,9,2,0015N0,아로마티카,rebound,77.230593036815,2026-09-08 14:00:00+09:00,0,3.5331111388482306,True,10470.0,10993.5,2026-09-10 09:00:00+09:00,2.0,5.0,TARGET,False,True,
2026-09-09 09:00:00+09:00,9,3,010580,에스엠벡셀,rebound,72.92043755158895,2026-09-08 14:00:00+09:00,0,85.88740753522791,True,2045.0,2147.25,2026-09-09 09:00:00+09:00,1.0,5.0,TARGET,True,True,
2026-09-09 09:00:00+09:00,9,4,256840,한국비엔씨,rebound,71.3361894750842,2026-09-08 14:00:00+09:00,0,1.2046566657737316,True,2800.0,2940.0,2026-09-09 11:00:00+09:00,1.0,5.0,TARGET,True,True,
2026-09-09 09:00:00+09:00,9,5,036540,SFA반도체,rebound,65.32834184321494,2026-09-08 14:00:00+09:00,0,2.1319855686556384,True,6040.0,6342.0,2026-09-09 09:00:00+09:00,1.0,5.0,TARGET,True,True,
2026-09-09 10:00:00+09:00,10,1,389020,자람테크놀로지,base_breakout,81.64030335861324,2026-09-09 09:00:00+09:00,0,4.152535180187058,False,22750.0,23887.5,,,-5.934065934065935,OPEN_MARK_TO_MARKET,False,False,
2026-09-09 10:00:00+09:00,10,2,003350,한국화장품제조,rebound,81.48276975714842,2026-09-09 09:00:00+09:00,0,2.025112013577265,True,13170.0,13828.5,2026-09-11 09:00:00+09:00,3.0,5.0,TARGET,False,True,
2026-09-09 10:00:00+09:00,10,3,204270,제이앤티씨,base_breakout,80.85975553717489,2026-09-09 09:00:00+09:00,0,3.1236496137184266,True,21850.0,22942.5,2026-09-11 09:00:00+09:00,3.0,5.0,TARGET,False,True,
2026-09-09 10:00:00+09:00,10,4,256840,한국비엔씨,base_breakout,80.70903010033445,2026-09-09 09:00:00+09:00,0,3.83953442906445,True,2885.0,3029.25,2026-09-09 11:00:00+09:00,1.0,5.0,TARGET,True,True,
2026-09-09 10:00:00+09:00,10,5,0015N0,아로마티카,rebound,80.40593112094355,2026-09-09 09:00:00+09:00,0,3.2706443693480125,True,10480.0,11004.0,2026-09-10 09:00:00+09:00,2.0,5.0,TARGET,False,True,
2026-09-09 11:00:00+09:00,11,1,0015N0,아로마티카,rebound,85.59527646030303,2026-09-09 10:00:00+09:00,0,3.298190474373436,True,10180.0,10689.0,2026-09-10 09:00:00+09:00,2.0,5.0,TARGET,False,True,
2026-09-09 11:00:00+09:00,11,2,003350,한국화장품제조,rebound,85.56088191426647,2026-09-09 10:00:00+09:00,0,2.2595031044016496,True,13150.0,13807.5,2026-09-11 09:00:00+09:00,3.0,5.0,TARGET,False,True,
2026-09-09 11:00:00+09:00,11,3,044490,태웅,rebound,83.2176999989703,2026-09-09 10:00:00+09:00,0,1.3232193735337006,True,36100.0,37905.0,2026-09-10 13:00:00+09:00,2.0,5.0,TARGET,False,True,
2026-09-09 11:00:00+09:00,11,4,119850,지엔씨에너지,rebound,80.93605884821923,2026-09-09 10:00:00+09:00,0,5.038719406930307,True,47400.0,49770.0,2026-09-10 14:00:00+09:00,2.0,5.0,TARGET,False,True,
2026-09-09 11:00:00+09:00,11,5,232140,와이씨,rebound,78.72318417477071,2026-09-09 10:00:00+09:00,0,2.2283998341059967,False,12100.0,12705.0,,,-6.033057851239665,OPEN_MARK_TO_MARKET,False,False,
2026-09-09 12:00:00+09:00,12,1,475150,SK이터닉스,rebound,81.29753624854507,2026-09-09 11:00:00+09:00,0,2.5335370652049627,False,53000.0,55650.0,,,-5.094339622641508,OPEN_MARK_TO_MARKET,False,False,
2026-09-09 12:00:00+09:00,12,2,119850,지엔씨에너지,rebound,80.65690761383834,2026-09-09 11:00:00+09:00,0,3.7322975369960827,True,47750.0,50137.5,2026-09-10 14:00:00+09:00,2.0,5.0,TARGET,False,True,
2026-09-09 12:00:00+09:00,12,3,322000,HD현대에너지솔루션,rebound,80.47263059190519,2026-09-09 11:00:00+09:00,0,2.6230772330131695,False,142400.0,149520.0,,,-10.74438202247191,OPEN_MARK_TO_MARKET,False,False,
2026-09-09 12:00:00+09:00,12,4,004090,한국석유,rebound,79.94976668109891,2026-09-09 11:00:00+09:00,0,2.8487518355359747,True,11530.0,12106.5,2026-09-10 09:00:00+09:00,2.0,5.0,TARGET,False,True,
2026-09-09 12:00:00+09:00,12,5,003350,한국화장품제조,rebound,79.26025752762422,2026-09-09 11:00:00+09:00,0,1.8679630130172193,True,13160.0,13818.0,2026-09-11 09:00:00+09:00,3.0,5.0,TARGET,False,True,
2026-09-09 13:00:00+09:00,13,1,256840,한국비엔씨,rebound,74.17487932942478,2026-09-09 12:00:00+09:00,0,19.125961353342323,True,2905.0,3050.25,2026-09-14 11:00:00+09:00,4.0,5.0,TARGET,False,False,
2026-09-09 13:00:00+09:00,13,2,330350,위더스제약,rebound,73.19856818349191,2026-09-09 12:00:00+09:00,0,4.3635922176734185,False,8090.0,8494.5,,,-8.652657601977754,OPEN_MARK_TO_MARKET,False,False,
2026-09-09 13:00:00+09:00,13,3,263860,지니언스,rebound,72.4043857191123,2026-09-09 12:00:00+09:00,0,1.0656682189936073,True,15420.0,16191.0,2026-09-11 09:00:00+09:00,3.0,5.0,TARGET,False,True,
2026-09-09 13:00:00+09:00,13,4,446540,메가터치,rebound,71.57283788622337,2026-09-09 12:00:00+09:00,0,2.1302476781337285,True,7450.0,7822.5,2026-09-09 14:00:00+09:00,1.0,5.0,TARGET,True,True,
2026-09-09 13:00:00+09:00,13,5,103590,일진전기,rebound,70.66118882621818,2026-09-09 12:00:00+09:00,0,1.9480694176572129,False,72100.0,75705.0,,,-3.4674063800277377,OPEN_MARK_TO_MARKET,False,False,
2026-09-09 14:00:00+09:00,14,1,001230,동국홀딩스,rebound,77.85155206310044,2026-09-09 13:00:00+09:00,0,2.8996480872398522,True,2055.0,2157.75,2026-09-14 14:00:00+09:00,4.0,5.0,TARGET,False,False,
2026-09-09 14:00:00+09:00,14,2,330350,위더스제약,rebound,77.39980766719896,2026-09-09 13:00:00+09:00,0,4.4700839702477415,False,7960.0,8358.0,,,-7.160804020100498,OPEN_MARK_TO_MARKET,False,False,
2026-09-09 14:00:00+09:00,14,3,020150,롯데에너지머티리얼즈,base_breakout,71.53001165501158,2026-09-09 13:00:00+09:00,0,3.813242366372029,False,42150.0,44257.5,,,-9.84578884934757,OPEN_MARK_TO_MARKET,False,False,
2026-09-09 14:00:00+09:00,14,4,475150,SK이터닉스,rebound,70.34641097794784,2026-09-09 13:00:00+09:00,0,1.4057901059767435,False,53400.0,56070.0,,,-5.805243445692887,OPEN_MARK_TO_MARKET,False,False,
2026-09-09 14:00:00+09:00,14,5,361610,SK아이이테크놀로지,base_breakout,68.98036006546644,2026-09-09 13:00:00+09:00,0,3.3724202931691085,True,17570.0,18448.5,2026-09-10 09:00:00+09:00,2.0,5.0,TARGET,False,True,
2026-09-10 09:00:00+09:00,9,1,001230,동국홀딩스,rebound,82.10883696249546,2026-09-09 14:00:00+09:00,0,2.912677715190386,True,2035.0,2136.75,2026-09-14 14:00:00+09:00,3.0,5.0,TARGET,False,True,
2026-09-10 09:00:00+09:00,9,2,446540,메가터치,base_breakout,80.18800836625611,2026-09-09 14:00:00+09:00,0,2.9313165707969446,True,7910.0,8305.5,2026-09-10 12:00:00+09:00,1.0,5.0,TARGET,True,True,
2026-09-10 09:00:00+09:00,9,3,066970,엘앤에프,rebound,72.08295750711217,2026-09-09 14:00:00+09:00,0,3.323531099114838,False,122100.0,128205.0,,,-6.3882063882063855,OPEN_MARK_TO_MARKET,False,False,
2026-09-10 09:00:00+09:00,9,4,020150,롯데에너지머티리얼즈,rebound,68.8999015667512,2026-09-09 14:00:00+09:00,0,5.778679942946812,True,41000.0,43050.0,2026-09-10 09:00:00+09:00,1.0,5.0,TARGET,True,True,
2026-09-10 09:00:00+09:00,9,5,322000,HD현대에너지솔루션,rebound,68.34007870362731,2026-09-09 14:00:00+09:00,0,1.4761886906592074,False,141200.0,148260.0,,,-9.985835694050992,OPEN_MARK_TO_MARKET,False,False,
2026-09-10 10:00:00+09:00,10,1,058610,에스피지,rebound,86.2758173718586,2026-09-10 09:00:00+09:00,0,2.8899848653281275,False,98600.0,103530.0,,,-7.809330628803246,OPEN_MARK_TO_MARKET,False,False,
2026-09-10 10:00:00+09:00,10,2,066970,엘앤에프,rebound,85.51191597363002,2026-09-10 09:00:00+09:00,0,3.1933803140496155,False,120800.0,126840.0,,,-5.3807947019867575,OPEN_MARK_TO_MARKET,False,False,
2026-09-10 10:00:00+09:00,10,3,001230,동국홀딩스,rebound,81.28062242162302,2026-09-10 09:00:00+09:00,0,1.7101017029083354,True,2040.0,2142.0,2026-09-14 14:00:00+09:00,3.0,5.0,TARGET,False,True,
2026-09-10 10:00:00+09:00,10,4,446540,메가터치,rebound,78.29489179121529,2026-09-10 09:00:00+09:00,0,3.4866254492765854,True,7620.0,8001.0,2026-09-10 12:00:00+09:00,1.0,5.0,TARGET,True,True,
2026-09-10 10:00:00+09:00,10,5,322000,HD현대에너지솔루션,rebound,77.96161459210917,2026-09-10 09:00:00+09:00,0,2.0305447949846642,False,140700.0,147735.0,,,-9.665955934612647,OPEN_MARK_TO_MARKET,False,False,
2026-09-10 11:00:00+09:00,11,1,108490,로보티즈,rebound,85.6069450350408,2026-09-10 10:00:00+09:00,0,1.9518689904214082,False,320500.0,336525.0,,,0.7800312012480548,OPEN_MARK_TO_MARKET,False,False,
2026-09-10 11:00:00+09:00,11,2,066970,엘앤에프,rebound,82.26488888940227,2026-09-10 10:00:00+09:00,0,1.999781887402127,False,119500.0,125475.0,,,-4.351464435146446,OPEN_MARK_TO_MARKET,False,False,
2026-09-10 11:00:00+09:00,11,3,020150,롯데에너지머티리얼즈,rebound,78.91884963298969,2026-09-10 10:00:00+09:00,0,4.465630026809652,True,40600.0,42630.0,2026-09-11 11:00:00+09:00,2.0,5.0,TARGET,False,True,
2026-09-10 11:00:00+09:00,11,4,0039P0,매드업,rebound,78.34852627423598,2026-09-10 10:00:00+09:00,0,3.1240282127486076,True,9730.0,10216.5,2026-09-11 09:00:00+09:00,2.0,5.0,TARGET,False,True,
2026-09-10 11:00:00+09:00,11,5,090360,로보스타,rebound,78.3272507980204,2026-09-10 10:00:00+09:00,0,1.9747319389021112,False,78300.0,82215.0,,,-3.4482758620689613,OPEN_MARK_TO_MARKET,False,False,
2026-09-10 12:00:00+09:00,12,1,0039P0,매드업,rebound,84.93439633761244,2026-09-10 11:00:00+09:00,0,3.5381353248070497,True,9510.0,9985.5,2026-09-10 13:00:00+09:00,1.0,5.0,TARGET,True,True,
2026-09-10 12:00:00+09:00,12,2,252990,샘씨엔에스,rebound,81.8000908559037,2026-09-10 11:00:00+09:00,0,2.2047207035859655,True,13900.0,14595.0,2026-09-11 09:00:00+09:00,2.0,5.0,TARGET,False,True,
2026-09-10 12:00:00+09:00,12,3,131970,두산테스나,base_breakout,80.82023921200748,2026-09-10 11:00:00+09:00,0,3.0928893443392154,False,90100.0,94605.0,,,-7.4361820199777995,OPEN_MARK_TO_MARKET,False,False,
2026-09-10 12:00:00+09:00,12,4,417840,저스템,rebound,80.32780283392522,2026-09-10 11:00:00+09:00,0,2.4794563620961667,True,14600.0,15330.0,2026-09-11 09:00:00+09:00,2.0,5.0,TARGET,False,True,
2026-09-10 12:00:00+09:00,12,5,056190,SFA,rebound,73.98911796331052,2026-09-10 11:00:00+09:00,0,2.067228246292241,False,24900.0,26145.0,,,0.6024096385542244,OPEN_MARK_TO_MARKET,False,False,
2026-09-10 13:00:00+09:00,13,1,252990,샘씨엔에스,rebound,84.34016295231241,2026-09-10 12:00:00+09:00,0,2.526113445932565,True,13900.0,14595.0,2026-09-11 09:00:00+09:00,2.0,5.0,TARGET,False,True,
2026-09-10 13:00:00+09:00,13,2,080220,제주반도체,rebound,80.35949603423842,2026-09-10 12:00:00+09:00,0,3.6779525449155224,False,78000.0,81900.0,,,-9.35897435897436,OPEN_MARK_TO_MARKET,False,False,
2026-09-10 13:00:00+09:00,13,3,0039P0,매드업,rebound,80.23637226572747,2026-09-10 12:00:00+09:00,0,2.312999459119684,True,9800.0,10290.0,2026-09-11 09:00:00+09:00,2.0,5.0,TARGET,False,True,
2026-09-10 13:00:00+09:00,13,4,131970,두산테스나,rebound,77.79782808775539,2026-09-10 12:00:00+09:00,0,3.447459620413116,False,90200.0,94710.0,,,-7.538802660753885,OPEN_MARK_TO_MARKET,False,False,
2026-09-10 13:00:00+09:00,13,5,0011A0,액스비스,rebound,74.92478439543902,2026-09-10 12:00:00+09:00,0,13.149820625667505,True,11900.0,12495.0,2026-09-11 10:00:00+09:00,2.0,5.0,TARGET,False,True,
2026-09-10 14:00:00+09:00,14,1,0011A0,액스비스,rebound,84.37432249322492,2026-09-10 13:00:00+09:00,0,9.763980666289719,True,11200.0,11760.0,2026-09-11 09:00:00+09:00,2.0,5.0,TARGET,False,True,
2026-09-10 14:00:00+09:00,14,2,080220,제주반도체,rebound,81.616612099933,2026-09-10 13:00:00+09:00,0,4.807750732968385,False,79400.0,83370.0,,,-10.957178841309823,OPEN_MARK_TO_MARKET,False,False,
2026-09-10 14:00:00+09:00,14,3,252990,샘씨엔에스,rebound,78.99668065110454,2026-09-10 13:00:00+09:00,0,2.345385940080961,True,13910.0,14605.5,2026-09-11 09:00:00+09:00,2.0,5.0,TARGET,False,True,
2026-09-10 14:00:00+09:00,14,4,131970,두산테스나,rebound,77.9939254479314,2026-09-10 13:00:00+09:00,0,4.086671705719325,False,89900.0,94395.0,,,-7.23025583982202,OPEN_MARK_TO_MARKET,False,False,
2026-09-10 14:00:00+09:00,14,5,071970,HD현대마린엔진,rebound,71.61171592094769,2026-09-10 13:00:00+09:00,0,1.7034694238525292,False,52800.0,55440.0,,,-0.9469696969697017,OPEN_MARK_TO_MARKET,False,False,
2026-09-11 09:00:00+09:00,9,1,080220,제주반도체,rebound,84.22533325955379,2026-09-10 14:00:00+09:00,0,4.313758963771554,False,75700.0,79485.0,,,-6.605019815059443,OPEN_MARK_TO_MARKET,False,,
2026-09-11 09:00:00+09:00,9,2,232140,와이씨,rebound,82.99010661603248,2026-09-10 14:00:00+09:00,0,3.6740599818688087,False,11820.0,12411.0,,,-3.8071065989847663,OPEN_MARK_TO_MARKET,False,,
2026-09-11 09:00:00+09:00,9,3,089030,테크윙,rebound,81.67943716365944,2026-09-10 14:00:00+09:00,0,4.095626137795625,False,47650.0,50032.5,,,-8.709338929695697,OPEN_MARK_TO_MARKET,False,,
2026-09-11 09:00:00+09:00,9,4,281820,케이씨텍,rebound,77.82100279988222,2026-09-10 14:00:00+09:00,0,5.369646625903294,False,69400.0,72870.0,,,-4.034582132564846,OPEN_MARK_TO_MARKET,False,,
2026-09-11 09:00:00+09:00,9,5,417840,저스템,rebound,73.41998718953684,2026-09-10 14:00:00+09:00,0,1.209623780745314,True,14250.0,14962.5,2026-09-11 09:00:00+09:00,1.0,5.0,TARGET,True,,
2026-09-11 10:00:00+09:00,10,1,232140,와이씨,rebound,80.00825876632325,2026-09-11 09:00:00+09:00,0,2.6312688229302155,False,11910.0,12505.5,,,-4.534005037783373,OPEN_MARK_TO_MARKET,False,,
2026-09-11 10:00:00+09:00,10,2,126730,코칩,base_breakout,79.78274212833803,2026-09-11 09:00:00+09:00,0,19.790254513146902,True,21550.0,22627.5,2026-09-14 09:00:00+09:00,2.0,5.0,TARGET,False,,
2026-09-11 10:00:00+09:00,10,3,073240,금호타이어,rebound,79.56250752377504,2026-09-11 09:00:00+09:00,0,5.192220336615922,False,7450.0,7822.5,,,-4.29530201342282,OPEN_MARK_TO_MARKET,False,,
2026-09-11 10:00:00+09:00,10,4,417840,저스템,rebound,78.15352063059797,2026-09-11 09:00:00+09:00,0,2.479038005612828,False,15860.0,16653.0,,,-6.052963430012614,OPEN_MARK_TO_MARKET,False,,
2026-09-11 10:00:00+09:00,10,5,456010,아이씨티케이,base_breakout,77.63336663336659,2026-09-11 09:00:00+09:00,0,5.484217363633782,True,16390.0,17209.5,2026-09-11 10:00:00+09:00,1.0,5.0,TARGET,True,,
2026-09-11 11:00:00+09:00,11,1,073240,금호타이어,rebound,85.52685268055748,2026-09-11 10:00:00+09:00,0,4.265922227749153,False,7400.0,7770.0,,,-3.6486486486486447,OPEN_MARK_TO_MARKET,False,,
2026-09-11 11:00:00+09:00,11,2,158430,아톤,rebound,81.43316474117627,2026-09-11 10:00:00+09:00,0,11.03378954085464,False,4880.0,5124.0,,,-0.30737704918032405,OPEN_MARK_TO_MARKET,False,,
2026-09-11 11:00:00+09:00,11,3,053800,안랩,rebound,79.37274564477738,2026-09-11 10:00:00+09:00,0,7.920695290901039,False,59000.0,61950.0,,,3.5593220338983045,OPEN_MARK_TO_MARKET,False,,
2026-09-11 11:00:00+09:00,11,4,126730,코칩,rebound,78.75326986225058,2026-09-11 10:00:00+09:00,0,22.195180970586414,True,21200.0,22260.0,2026-09-14 09:00:00+09:00,2.0,5.0,TARGET,False,,
2026-09-11 11:00:00+09:00,11,5,332570,PS일렉트로닉스,rebound,78.61883012820519,2026-09-11 10:00:00+09:00,0,5.469617461889316,True,7790.0,8179.5,2026-09-14 11:00:00+09:00,2.0,5.0,TARGET,False,,
2026-09-11 12:00:00+09:00,12,1,126730,코칩,rebound,84.72418687155067,2026-09-11 11:00:00+09:00,0,23.95522973159053,True,21200.0,22260.0,2026-09-14 09:00:00+09:00,2.0,5.0,TARGET,False,,
2026-09-11 12:00:00+09:00,12,2,0007C0,아크릴,rebound,84.70105947229152,2026-09-11 11:00:00+09:00,0,15.733162748954532,True,17800.0,18690.0,2026-09-14 09:00:00+09:00,2.0,5.0,TARGET,False,,
2026-09-11 12:00:00+09:00,12,3,053800,안랩,rebound,82.75034359635585,2026-09-11 11:00:00+09:00,0,7.59782639539173,True,58900.0,61845.0,2026-09-14 11:00:00+09:00,2.0,5.0,TARGET,False,,
2026-09-11 12:00:00+09:00,12,4,332570,PS일렉트로닉스,rebound,82.4699170755444,2026-09-11 11:00:00+09:00,0,5.7543020513110115,True,7720.0,8106.0,2026-09-14 11:00:00+09:00,2.0,5.0,TARGET,False,,
2026-09-11 12:00:00+09:00,12,5,158430,아톤,rebound,82.4493358661397,2026-09-11 11:00:00+09:00,0,12.390105055922088,False,4925.0,5171.25,,,-1.2182741116751217,OPEN_MARK_TO_MARKET,False,,
2026-09-11 13:00:00+09:00,13,1,0007C0,아크릴,rebound,87.6369152767405,2026-09-11 12:00:00+09:00,0,5.067473973423525,True,17420.0,18291.0,2026-09-14 09:00:00+09:00,2.0,5.0,TARGET,False,,
2026-09-11 13:00:00+09:00,13,2,158430,아톤,rebound,84.56700978842507,2026-09-11 12:00:00+09:00,0,6.241466120817261,False,4865.0,5108.25,,,0.0,OPEN_MARK_TO_MARKET,False,,
2026-09-11 13:00:00+09:00,13,3,0015N0,아로마티카,rebound,79.59052506175274,2026-09-11 12:00:00+09:00,0,3.405757905231395,True,10770.0,11308.5,2026-09-11 13:00:00+09:00,1.0,5.0,TARGET,True,,
2026-09-11 13:00:00+09:00,13,4,054920,한컴위드,rebound,75.63557642878533,2026-09-11 12:00:00+09:00,0,8.912467826917728,False,3975.0,4173.75,,,1.132075471698113,OPEN_MARK_TO_MARKET,False,,
2026-09-11 13:00:00+09:00,13,5,053800,안랩,rebound,74.0720237168579,2026-09-11 12:00:00+09:00,0,1.8568819766105917,True,58800.0,61740.0,2026-09-14 11:00:00+09:00,2.0,5.0,TARGET,False,,
2026-09-11 14:00:00+09:00,14,1,0015N0,아로마티카,rebound,78.594432470994,2026-09-11 13:00:00+09:00,0,5.898191963375079,True,11150.0,11707.5,2026-09-14 10:00:00+09:00,2.0,5.0,TARGET,False,,
2026-09-11 14:00:00+09:00,14,2,226950,올릭스,base_breakout,78.17394090874431,2026-09-11 13:00:00+09:00,0,2.3682830329347,False,107300.0,112665.0,,,-5.312208760484626,OPEN_MARK_TO_MARKET,False,,
2026-09-11 14:00:00+09:00,14,3,001450,현대해상,rebound,74.06349355444257,2026-09-11 13:00:00+09:00,0,1.2072528650525123,False,51600.0,54180.0,,,-1.5503875968992276,OPEN_MARK_TO_MARKET,False,,
2026-09-11 14:00:00+09:00,14,4,241710,코스메카코리아,rebound,71.55933768766177,2026-09-11 13:00:00+09:00,0,1.303780468387642,True,126400.0,132720.0,2026-09-14 10:00:00+09:00,2.0,5.0,TARGET,False,,
2026-09-11 14:00:00+09:00,14,5,054920,한컴위드,rebound,67.9536119152497,2026-09-11 13:00:00+09:00,0,1.752109096041107,False,3935.0,4131.75,,,2.1601016518424387,OPEN_MARK_TO_MARKET,False,,
2026-09-14 10:00:00+09:00,10,1,441270,파인엠텍,rebound,79.67007503203793,2026-09-14 09:00:00+09:00,0,3.890560502091377,False,9120.0,9576.0,,,-0.9868421052631526,OPEN_MARK_TO_MARKET,False,,
2026-09-14 10:00:00+09:00,10,2,0015N0,아로마티카,rebound,77.51587236470866,2026-09-14 09:00:00+09:00,0,2.736771515426897,True,11520.0,12096.0,2026-09-14 10:00:00+09:00,1.0,5.0,TARGET,True,,
2026-09-14 10:00:00+09:00,10,3,071200,인피니트헬스케어,base_breakout,76.65573770491804,2026-09-14 09:00:00+09:00,0,5.978799116005546,False,11310.0,11875.5,,,0.0,OPEN_MARK_TO_MARKET,False,,
2026-09-14 10:00:00+09:00,10,4,101730,위메이드맥스,base_breakout,75.09401709401706,2026-09-14 09:00:00+09:00,0,17.883810010641046,True,4495.0,4719.75,2026-09-14 10:00:00+09:00,1.0,5.0,TARGET,True,,
2026-09-14 10:00:00+09:00,10,5,000670,영풍,base_breakout,74.37850368809275,2026-09-14 09:00:00+09:00,0,57.72974832310955,False,49900.0,52395.0,,,0.10020040080160886,OPEN_MARK_TO_MARKET,False,,
2026-09-14 11:00:00+09:00,11,1,017900,광전자,rebound,83.90532986027172,2026-09-14 10:00:00+09:00,0,6.1829877702261875,True,9390.0,9859.5,2026-09-14 11:00:00+09:00,1.0,5.0,TARGET,True,,
2026-09-14 11:00:00+09:00,11,2,090460,비에이치,rebound,79.43957410334856,2026-09-14 10:00:00+09:00,0,2.4729905688402485,False,20400.0,21420.0,,,-1.9607843137254943,OPEN_MARK_TO_MARKET,False,,
2026-09-14 11:00:00+09:00,11,3,441270,파인엠텍,rebound,77.40021540390305,2026-09-14 10:00:00+09:00,0,5.198674623227499,False,9130.0,9586.5,,,-1.0952902519167584,OPEN_MARK_TO_MARKET,False,,
2026-09-14 11:00:00+09:00,11,4,241710,코스메카코리아,rebound,74.83656239124336,2026-09-14 10:00:00+09:00,0,1.223764249800095,False,131800.0,138390.0,,,0.3793626707132125,OPEN_MARK_TO_MARKET,False,,
2026-09-14 11:00:00+09:00,11,5,053800,안랩,base_breakout,72.73621872820587,2026-09-14 10:00:00+09:00,0,2.010951993230838,False,61200.0,64260.0,,,-0.16339869281045694,OPEN_MARK_TO_MARKET,False,,
2026-09-14 12:00:00+09:00,12,1,090460,비에이치,rebound,92.79359485136376,2026-09-14 11:00:00+09:00,0,2.7698739750106838,False,20200.0,21210.0,,,-0.990099009900991,OPEN_MARK_TO_MARKET,False,,
2026-09-14 12:00:00+09:00,12,2,017900,광전자,rebound,78.88056035686668,2026-09-14 11:00:00+09:00,0,9.212447674984586,True,9680.0,10164.0,2026-09-14 12:00:00+09:00,1.0,5.0,TARGET,True,,
2026-09-14 12:00:00+09:00,12,3,124500,아이티센글로벌,rebound,77.71856168819895,2026-09-14 11:00:00+09:00,0,1.7048095097542815,False,32600.0,34230.0,,,-0.7668711656441674,OPEN_MARK_TO_MARKET,False,,
2026-09-14 12:00:00+09:00,12,4,257720,실리콘투,rebound,76.02576294255687,2026-09-14 11:00:00+09:00,0,1.3201651429042085,False,45250.0,47512.5,,,-0.22099447513812542,OPEN_MARK_TO_MARKET,False,,
2026-09-14 12:00:00+09:00,12,5,441270,파인엠텍,rebound,74.62630548773582,2026-09-14 11:00:00+09:00,0,5.499849743332053,False,9130.0,9586.5,,,-1.0952902519167584,OPEN_MARK_TO_MARKET,False,,
2026-09-14 13:00:00+09:00,13,1,257720,실리콘투,rebound,83.80877278385765,2026-09-14 12:00:00+09:00,0,1.7395161628108753,False,45450.0,47722.5,,,-0.660066006600657,OPEN_MARK_TO_MARKET,False,,
2026-09-14 13:00:00+09:00,13,2,090460,비에이치,rebound,82.60636370395427,2026-09-14 12:00:00+09:00,0,1.3620896024516957,False,20150.0,21157.5,,,-0.7444168734491274,OPEN_MARK_TO_MARKET,False,,
2026-09-14 13:00:00+09:00,13,3,124500,아이티센글로벌,rebound,81.58644922271807,2026-09-14 12:00:00+09:00,0,3.086058250261176,False,33600.0,35280.0,,,-3.720238095238093,OPEN_MARK_TO_MARKET,False,,
2026-09-14 13:00:00+09:00,13,4,256840,한국비엔씨,rebound,81.12199869601741,2026-09-14 12:00:00+09:00,0,9.123360878970757,False,2925.0,3071.25,,,-0.512820512820511,OPEN_MARK_TO_MARKET,False,,
2026-09-14 13:00:00+09:00,13,5,217590,티엠씨,base_breakout,77.36180485245622,2026-09-14 12:00:00+09:00,0,2.3936063927650193,True,11750.0,12337.5,2026-09-14 13:00:00+09:00,1.0,5.0,TARGET,True,,
2026-09-14 14:00:00+09:00,14,1,256840,한국비엔씨,rebound,87.72710295562501,2026-09-14 13:00:00+09:00,0,10.23735065467566,False,2915.0,3060.75,,,-0.17152658662092923,OPEN_MARK_TO_MARKET,False,,
2026-09-14 14:00:00+09:00,14,2,124500,아이티센글로벌,rebound,85.4396534666884,2026-09-14 13:00:00+09:00,0,3.612552095397649,False,32800.0,34440.0,,,-1.3719512195121908,OPEN_MARK_TO_MARKET,False,,
2026-09-14 14:00:00+09:00,14,3,040300,YTN,base_breakout,82.19481110605369,2026-09-14 13:00:00+09:00,0,473.318744950175,False,2120.0,2226.0,,,-4.245283018867929,OPEN_MARK_TO_MARKET,False,,
2026-09-14 14:00:00+09:00,14,4,462860,더즌,rebound,81.46331430642385,2026-09-14 13:00:00+09:00,0,7.8285644588208845,False,3215.0,3375.75,,,-0.6220839813374845,OPEN_MARK_TO_MARKET,False,,
2026-09-14 14:00:00+09:00,14,5,257720,실리콘투,rebound,78.48957443840504,2026-09-14 13:00:00+09:00,0,1.2740444521297887,False,45900.0,48195.0,,,-1.6339869281045805,OPEN_MARK_TO_MARKET,False,,
