scan,day,code,name,score,lag,mode,trend,trigger_close,entry_open,signal_bar
2026-04-03 11:00:00+09:00,2026-04-03,017900,광전자,69.25813495885082,60,money,True,4125.0,4090.0,2026-04-03 09:00:00+09:00
2026-05-11 11:00:00+09:00,2026-05-11,017900,광전자,69.24663775489603,0,money,True,13060.0,13060.0,2026-05-11 10:00:00+09:00
2026-07-22 11:00:00+09:00,2026-07-22,017900,광전자,67.04332689629935,0,hold,True,6330.0,6340.0,2026-07-22 10:00:00+09:00
2026-07-22 11:00:00+09:00,2026-07-22,017900,광전자,70.74922756539115,60,money,False,6330.0,6340.0,2026-07-22 09:00:00+09:00
2026-09-14 11:00:00+09:00,2026-09-14,017900,광전자,83.90532986027172,0,hold,True,9260.0,9390.0,2026-09-14 10:00:00+09:00
2026-02-13 11:00:00+09:00,2026-02-13,004310,현대약품,77.86812130177515,60,money,True,15400.0,15330.0,2026-02-13 09:00:00+09:00
2026-07-16 11:00:00+09:00,2026-07-16,014950,삼익제약,81.06069614765266,0,money,False,5570.0,5570.0,2026-07-16 10:00:00+09:00
2026-08-31 11:00:00+09:00,2026-08-31,014950,삼익제약,72.3814728330116,0,hold,False,5360.0,5440.0,2026-08-31 10:00:00+09:00
2026-08-31 11:00:00+09:00,2026-08-31,014950,삼익제약,73.25391849529784,60,money,False,5360.0,5440.0,2026-08-31 09:00:00+09:00
2026-02-13 11:00:00+09:00,2026-02-13,067290,JW신약,82.45738137402209,0,money,True,2145.0,2140.0,2026-02-13 10:00:00+09:00
2026-07-16 11:00:00+09:00,2026-07-16,067290,JW신약,76.91950832672482,60,hold,False,1870.0,2235.0,2026-07-16 09:00:00+09:00
2026-05-20 11:00:00+09:00,2026-05-20,001820,삼화콘덴서,79.32996515978445,0,hold,False,71100.0,74600.0,2026-05-20 10:00:00+09:00
2026-05-20 11:00:00+09:00,2026-05-20,001820,삼화콘덴서,79.32996515978445,0,money,False,74700.0,74600.0,2026-05-20 10:00:00+09:00
2026-05-20 11:00:00+09:00,2026-05-20,001820,삼화콘덴서,81.42789448744274,60,money,False,71100.0,74600.0,2026-05-20 09:00:00+09:00
2026-05-22 11:00:00+09:00,2026-05-22,001820,삼화콘덴서,65.37914990509921,0,money,True,87000.0,87200.0,2026-05-22 10:00:00+09:00
2026-08-28 11:00:00+09:00,2026-08-28,001820,삼화콘덴서,78.20130649246767,60,money,True,115700.0,115300.0,2026-08-28 09:00:00+09:00
2026-09-09 11:00:00+09:00,2026-09-09,001820,삼화콘덴서,74.52537831021444,60,money,True,118900.0,117100.0,2026-09-09 09:00:00+09:00
2026-01-28 11:00:00+09:00,2026-01-28,108490,로보티즈,68.41498640692448,60,money,True,309000.0,301500.0,2026-01-28 09:00:00+09:00
2026-01-20 11:00:00+09:00,2026-01-20,356680,엑스게이트,81.6676923076923,60,money,False,7590.0,7520.0,2026-01-20 09:00:00+09:00
2026-03-25 11:00:00+09:00,2026-03-25,356680,엑스게이트,79.85837805605247,60,money,True,7200.0,7100.0,2026-03-25 09:00:00+09:00
2026-08-28 11:00:00+09:00,2026-08-28,356680,엑스게이트,68.42175106394942,0,hold,False,12270.0,12340.0,2026-08-28 10:00:00+09:00
2026-08-28 11:00:00+09:00,2026-08-28,356680,엑스게이트,80.11653428093642,60,money,False,12270.0,12340.0,2026-08-28 09:00:00+09:00
2026-03-20 11:00:00+09:00,2026-03-20,069540,빛과전자,75.00554485221559,60,money,True,2050.0,2190.0,2026-03-20 09:00:00+09:00
2026-05-22 11:00:00+09:00,2026-05-22,069540,빛과전자,68.28958882709885,0,hold,True,6480.0,6610.0,2026-05-22 10:00:00+09:00
2026-05-22 11:00:00+09:00,2026-05-22,069540,빛과전자,81.47525987525987,60,money,True,6480.0,6610.0,2026-05-22 09:00:00+09:00
2026-01-22 11:00:00+09:00,2026-01-22,093370,후성,72.43966364659202,0,money,False,7870.0,7870.0,2026-01-22 10:00:00+09:00
2026-05-22 11:00:00+09:00,2026-05-22,093370,후성,81.00389507606663,0,hold,False,12980.0,13040.0,2026-05-22 10:00:00+09:00
2026-05-22 11:00:00+09:00,2026-05-22,093370,후성,83.05918823221887,60,money,False,12980.0,13040.0,2026-05-22 09:00:00+09:00
2026-06-09 11:00:00+09:00,2026-06-09,093370,후성,74.87472354979307,0,hold,False,13140.0,13200.0,2026-06-09 10:00:00+09:00
2026-06-09 11:00:00+09:00,2026-06-09,093370,후성,78.92616385783415,60,money,False,13140.0,13200.0,2026-06-09 09:00:00+09:00
2026-01-14 11:00:00+09:00,2026-01-14,024060,흥구석유,76.00558659217877,0,money,True,14610.0,14610.0,2026-01-14 10:00:00+09:00
2026-04-07 11:00:00+09:00,2026-04-07,024060,흥구석유,66.36715181078795,0,money,True,24050.0,24100.0,2026-04-07 10:00:00+09:00
2026-07-09 11:00:00+09:00,2026-07-09,024060,흥구석유,69.2100279556317,0,money,True,11720.0,11720.0,2026-07-09 10:00:00+09:00
2026-09-09 11:00:00+09:00,2026-09-09,024060,흥구석유,72.92652729855901,60,hold,True,11730.0,12140.0,2026-09-09 09:00:00+09:00
2026-02-13 11:00:00+09:00,2026-02-13,010170,대한광통신,80.69998128392288,0,money,False,3610.0,3605.0,2026-02-13 10:00:00+09:00
2026-03-10 11:00:00+09:00,2026-03-10,010170,대한광통신,67.89921873006789,0,money,True,5510.0,5510.0,2026-03-10 10:00:00+09:00
2026-09-08 11:00:00+09:00,2026-09-08,010170,대한광통신,79.2433362683102,60,money,True,14410.0,14135.0,2026-09-08 09:00:00+09:00
2026-04-23 11:00:00+09:00,2026-04-23,032820,우리기술,78.98089599586862,0,hold,True,23850.0,23850.0,2026-04-23 10:00:00+09:00
2026-04-23 11:00:00+09:00,2026-04-23,032820,우리기술,79.01142421934505,60,money,True,23850.0,23850.0,2026-04-23 09:00:00+09:00
2026-05-06 11:00:00+09:00,2026-05-06,403870,HPSP,71.13400340790648,0,money,True,57700.0,57700.0,2026-05-06 10:00:00+09:00
2026-06-09 11:00:00+09:00,2026-06-09,403870,HPSP,76.20383754947515,60,money,False,58600.0,57400.0,2026-06-09 09:00:00+09:00
2026-07-01 11:00:00+09:00,2026-07-01,403870,HPSP,69.1203867957971,60,money,False,57800.0,52600.0,2026-07-01 09:00:00+09:00
2026-08-27 11:00:00+09:00,2026-08-27,403870,HPSP,66.91148540060587,0,money,True,50000.0,50000.0,2026-08-27 10:00:00+09:00
2026-08-28 11:00:00+09:00,2026-08-28,403870,HPSP,67.4394722529847,60,money,True,52100.0,51400.0,2026-08-28 09:00:00+09:00
2026-01-16 11:00:00+09:00,2026-01-16,456160,지투지바이오,81.30016214177982,0,hold,True,79700.0,82300.0,2026-01-16 10:00:00+09:00
2026-01-16 11:00:00+09:00,2026-01-16,456160,지투지바이오,89.28498637512726,60,money,True,79700.0,82300.0,2026-01-16 09:00:00+09:00
2026-01-28 11:00:00+09:00,2026-01-28,456160,지투지바이오,76.54473804657152,0,money,True,85100.0,85200.0,2026-01-28 10:00:00+09:00
2026-02-11 11:00:00+09:00,2026-02-11,456160,지투지바이오,81.5760327635328,60,money,True,91900.0,89800.0,2026-02-11 09:00:00+09:00
2026-02-25 11:00:00+09:00,2026-02-25,456160,지투지바이오,64.96643114588699,0,hold,True,107800.0,108200.0,2026-02-25 10:00:00+09:00
2026-04-30 11:00:00+09:00,2026-04-30,456160,지투지바이오,77.27682350012445,60,hold,True,84900.0,87500.0,2026-04-30 09:00:00+09:00
2026-04-30 11:00:00+09:00,2026-04-30,456160,지투지바이오,77.27682350012445,60,money,True,87700.0,87500.0,2026-04-30 09:00:00+09:00
2026-05-27 11:00:00+09:00,2026-05-27,456160,지투지바이오,74.18953957349791,60,money,False,69800.0,66200.0,2026-05-27 09:00:00+09:00
2026-09-09 11:00:00+09:00,2026-09-09,217590,티엠씨,75.5084745762712,60,money,False,11220.0,11230.0,2026-09-09 09:00:00+09:00
2026-04-16 11:00:00+09:00,2026-04-16,226950,올릭스,72.20011202389841,0,hold,False,180300.0,184700.0,2026-04-16 10:00:00+09:00
2026-04-16 11:00:00+09:00,2026-04-16,226950,올릭스,79.0741002117149,60,money,False,180300.0,184700.0,2026-04-16 09:00:00+09:00
2026-06-26 11:00:00+09:00,2026-06-26,226950,올릭스,71.88034909547068,60,money,True,147300.0,142000.0,2026-06-26 09:00:00+09:00
2026-06-29 11:00:00+09:00,2026-06-29,226950,올릭스,60.45235846158673,60,money,True,168900.0,168900.0,2026-06-29 09:00:00+09:00
2026-08-04 11:00:00+09:00,2026-08-04,226950,올릭스,68.44962182647387,60,money,False,116000.0,120200.0,2026-08-04 09:00:00+09:00
2026-01-23 11:00:00+09:00,2026-01-23,158430,아톤,71.01098737287691,60,money,True,6390.0,7080.0,2026-01-23 09:00:00+09:00
2026-07-23 11:00:00+09:00,2026-07-23,158430,아톤,84.1736380330545,0,money,False,4205.0,4215.0,2026-07-23 10:00:00+09:00
2026-05-13 11:00:00+09:00,2026-05-13,034220,LG디스플레이,76.81772868112628,60,money,True,13910.0,14600.0,2026-05-13 09:00:00+09:00
2026-03-20 11:00:00+09:00,2026-03-20,000670,영풍,64.08929967674464,0,hold,True,59600.0,60100.0,2026-03-20 10:00:00+09:00
2026-03-20 11:00:00+09:00,2026-03-20,000670,영풍,70.2339757897919,60,money,True,59600.0,60100.0,2026-03-20 09:00:00+09:00
2026-04-08 11:00:00+09:00,2026-04-08,222800,심텍,71.23109425785483,0,money,True,63900.0,63800.0,2026-04-08 10:00:00+09:00
2026-04-16 11:00:00+09:00,2026-04-16,222800,심텍,77.34967240960937,60,money,True,75600.0,75300.0,2026-04-16 09:00:00+09:00
2026-05-06 11:00:00+09:00,2026-05-06,222800,심텍,66.84996638997262,0,money,True,93700.0,93900.0,2026-05-06 10:00:00+09:00
2026-06-11 11:00:00+09:00,2026-06-11,222800,심텍,73.25377536573856,0,hold,False,126100.0,132000.0,2026-06-11 10:00:00+09:00
2026-06-11 11:00:00+09:00,2026-06-11,222800,심텍,66.76238477101226,60,money,False,126100.0,132000.0,2026-06-11 09:00:00+09:00
2026-01-20 11:00:00+09:00,2026-01-20,456010,아이씨티케이,78.94583473295259,60,money,False,15870.0,15690.0,2026-01-20 09:00:00+09:00
2026-01-23 11:00:00+09:00,2026-01-23,456010,아이씨티케이,76.4101847872798,0,money,True,16180.0,16170.0,2026-01-23 10:00:00+09:00
2026-03-27 11:00:00+09:00,2026-03-27,456010,아이씨티케이,71.24219345011423,0,hold,False,15270.0,15930.0,2026-03-27 10:00:00+09:00
2026-03-27 11:00:00+09:00,2026-03-27,456010,아이씨티케이,77.07590759075906,60,money,False,15270.0,15930.0,2026-03-27 09:00:00+09:00
2026-04-10 11:00:00+09:00,2026-04-10,456010,아이씨티케이,71.54078757755643,0,hold,False,14830.0,14975.0,2026-04-10 10:00:00+09:00
2026-04-10 11:00:00+09:00,2026-04-10,456010,아이씨티케이,62.19251548695136,60,money,False,14830.0,14975.0,2026-04-10 09:00:00+09:00
2026-09-11 11:00:00+09:00,2026-09-11,456010,아이씨티케이,74.71771802945895,0,hold,False,16380.0,17010.0,2026-09-11 10:00:00+09:00
2026-09-11 11:00:00+09:00,2026-09-11,456010,아이씨티케이,77.63336663336659,60,money,False,16380.0,17010.0,2026-09-11 09:00:00+09:00
2026-08-18 11:00:00+09:00,2026-08-18,0015N0,아로마티카,76.74195308237863,0,money,True,10040.0,10040.0,2026-08-18 10:00:00+09:00
2026-01-12 11:00:00+09:00,2026-01-12,001210,금호전기,69.52112217212671,0,money,True,4155.0,4155.0,2026-01-12 10:00:00+09:00
2026-02-23 11:00:00+09:00,2026-02-23,001210,금호전기,74.25190403655753,0,money,False,4840.0,4815.0,2026-02-23 10:00:00+09:00
2026-08-28 11:00:00+09:00,2026-08-28,001210,금호전기,71.70828688219994,60,money,True,10250.0,10050.0,2026-08-28 09:00:00+09:00
2026-01-27 11:00:00+09:00,2026-01-27,036540,SFA반도체,69.44971944788124,60,money,False,5570.0,5560.0,2026-01-27 09:00:00+09:00
2026-05-21 11:00:00+09:00,2026-05-21,036540,SFA반도체,70.46156613125758,0,money,False,9100.0,9100.0,2026-05-21 10:00:00+09:00
2026-05-22 11:00:00+09:00,2026-05-22,036540,SFA반도체,78.22477183833118,60,money,True,9810.0,10380.0,2026-05-22 09:00:00+09:00
2026-07-15 11:00:00+09:00,2026-07-15,036540,SFA반도체,74.36287625418058,60,money,False,6420.0,6210.0,2026-07-15 09:00:00+09:00
2026-09-07 11:00:00+09:00,2026-09-07,036540,SFA반도체,67.63486536755647,0,money,True,6050.0,6045.0,2026-09-07 10:00:00+09:00
2026-09-09 11:00:00+09:00,2026-09-09,036540,SFA반도체,76.61745661745661,60,money,True,6710.0,6650.0,2026-09-09 09:00:00+09:00
2026-03-10 11:00:00+09:00,2026-03-10,353200,대덕전자,66.74898453311081,60,money,True,66800.0,65100.0,2026-03-10 09:00:00+09:00
2026-03-18 11:00:00+09:00,2026-03-18,353200,대덕전자,64.50020141670629,0,hold,True,73100.0,73800.0,2026-03-18 10:00:00+09:00
2026-03-18 11:00:00+09:00,2026-03-18,353200,대덕전자,80.00705716302045,60,money,True,73100.0,73800.0,2026-03-18 09:00:00+09:00
2026-03-19 11:00:00+09:00,2026-03-19,353200,대덕전자,59.46225725276522,0,hold,True,77800.0,78300.0,2026-03-19 10:00:00+09:00
2026-04-10 11:00:00+09:00,2026-04-10,353200,대덕전자,69.53559727335795,60,money,True,93000.0,91000.0,2026-04-10 09:00:00+09:00
2026-04-21 11:00:00+09:00,2026-04-21,353200,대덕전자,64.3198949157708,0,hold,True,100900.0,101400.0,2026-04-21 10:00:00+09:00
2026-04-21 11:00:00+09:00,2026-04-21,353200,대덕전자,75.74065245944408,60,money,True,100900.0,101400.0,2026-04-21 09:00:00+09:00
2026-07-15 11:00:00+09:00,2026-07-15,353200,대덕전자,62.32514973945979,60,money,False,139100.0,137400.0,2026-07-15 09:00:00+09:00
2026-06-18 11:00:00+09:00,2026-06-18,046970,우리로,73.48656512553148,0,money,True,8150.0,8150.0,2026-06-18 10:00:00+09:00
2026-04-09 11:00:00+09:00,2026-04-09,161890,한국콜마,78.95217312238589,60,money,False,80100.0,79150.0,2026-04-09 09:00:00+09:00
2026-06-26 11:00:00+09:00,2026-06-26,161890,한국콜마,84.3613200679447,60,money,True,91000.0,90400.0,2026-06-26 09:00:00+09:00
2026-08-25 11:00:00+09:00,2026-08-25,161890,한국콜마,70.6107096797636,60,money,True,148800.0,148400.0,2026-08-25 09:00:00+09:00
2026-02-24 11:00:00+09:00,2026-02-24,066970,엘앤에프,68.7544013350021,0,money,False,125100.0,125000.0,2026-02-24 10:00:00+09:00
2026-08-24 11:00:00+09:00,2026-08-24,066970,엘앤에프,65.33477079250228,60,money,True,122000.0,120400.0,2026-08-24 09:00:00+09:00
2026-08-27 11:00:00+09:00,2026-08-27,066970,엘앤에프,66.3666167794603,0,money,True,130900.0,131000.0,2026-08-27 10:00:00+09:00
2026-01-26 11:00:00+09:00,2026-01-26,327260,RF머트리얼즈,61.39976755349221,60,hold,True,13950.0,14375.0,2026-01-26 09:00:00+09:00
2026-03-10 11:00:00+09:00,2026-03-10,327260,RF머트리얼즈,68.93965398031614,0,money,True,30150.0,30100.0,2026-03-10 10:00:00+09:00
2026-04-10 11:00:00+09:00,2026-04-10,327260,RF머트리얼즈,73.23420443086755,0,hold,True,40050.0,41500.0,2026-04-10 10:00:00+09:00
2026-04-10 11:00:00+09:00,2026-04-10,327260,RF머트리얼즈,67.31598962477133,60,money,True,40050.0,41500.0,2026-04-10 09:00:00+09:00
2026-04-15 11:00:00+09:00,2026-04-15,327260,RF머트리얼즈,65.85386525621793,60,hold,True,48750.0,49400.0,2026-04-15 09:00:00+09:00
2026-05-07 11:00:00+09:00,2026-05-07,327260,RF머트리얼즈,77.01746693119588,60,money,True,61850.0,61050.0,2026-05-07 09:00:00+09:00
2026-06-16 11:00:00+09:00,2026-06-16,082740,한화엔진,72.31863235321464,60,money,False,62100.0,60600.0,2026-06-16 09:00:00+09:00
2026-08-05 11:00:00+09:00,2026-08-05,082740,한화엔진,63.2023882453971,0,money,False,45450.0,45450.0,2026-08-05 10:00:00+09:00
2026-01-22 11:00:00+09:00,2026-01-22,257720,실리콘투,67.76272057563816,0,hold,True,49150.0,49450.0,2026-01-22 10:00:00+09:00
2026-01-22 11:00:00+09:00,2026-01-22,257720,실리콘투,72.38305724772209,60,money,True,49150.0,49450.0,2026-01-22 09:00:00+09:00
2026-04-09 11:00:00+09:00,2026-04-09,257720,실리콘투,74.98858320777201,60,money,True,42650.0,42100.0,2026-04-09 09:00:00+09:00
2026-03-05 11:00:00+09:00,2026-03-05,234340,헥토파이낸셜,78.43798086891294,60,money,True,31600.0,33000.0,2026-03-05 09:00:00+09:00
2026-01-15 11:00:00+09:00,2026-01-15,031980,피에스케이홀딩스,62.75101483299812,60,money,True,52900.0,52300.0,2026-01-15 09:00:00+09:00
2026-03-03 11:00:00+09:00,2026-03-03,031980,피에스케이홀딩스,69.81437388324753,0,money,True,93000.0,93000.0,2026-03-03 10:00:00+09:00
2026-03-05 11:00:00+09:00,2026-03-05,031980,피에스케이홀딩스,76.22652941210394,60,money,True,104700.0,100800.0,2026-03-05 09:00:00+09:00
2026-06-05 11:00:00+09:00,2026-06-05,031980,피에스케이홀딩스,70.43013504827658,0,money,True,131500.0,131900.0,2026-06-05 10:00:00+09:00
2026-06-10 11:00:00+09:00,2026-06-10,031980,피에스케이홀딩스,80.9726510768629,0,hold,False,142800.0,145700.0,2026-06-10 10:00:00+09:00
2026-06-10 11:00:00+09:00,2026-06-10,031980,피에스케이홀딩스,78.0090334260202,60,money,False,142800.0,145700.0,2026-06-10 09:00:00+09:00
2026-09-04 11:00:00+09:00,2026-09-04,031980,피에스케이홀딩스,77.37034835334681,60,money,True,141900.0,140300.0,2026-09-04 09:00:00+09:00
2026-01-23 11:00:00+09:00,2026-01-23,087010,펩트론,69.69301555088602,60,money,False,250000.0,249500.0,2026-01-23 09:00:00+09:00
2026-05-11 11:00:00+09:00,2026-05-11,087010,펩트론,69.9906028159297,60,money,True,291500.0,280500.0,2026-05-11 09:00:00+09:00
2026-08-11 11:00:00+09:00,2026-08-11,058610,에스피지,72.79653846153846,60,money,True,121300.0,113000.0,2026-08-11 09:00:00+09:00
2026-02-04 11:00:00+09:00,2026-02-04,112610,씨에스윈드,75.07928475033732,60,money,True,43500.0,44400.0,2026-02-04 09:00:00+09:00
2026-07-01 11:00:00+09:00,2026-07-01,112610,씨에스윈드,83.58609406423716,60,money,False,45150.0,44600.0,2026-07-01 09:00:00+09:00
2026-07-23 11:00:00+09:00,2026-07-23,112610,씨에스윈드,78.37042177159397,0,hold,True,42200.0,42300.0,2026-07-23 10:00:00+09:00
2026-07-23 11:00:00+09:00,2026-07-23,112610,씨에스윈드,81.46392244119518,60,money,False,42200.0,42300.0,2026-07-23 09:00:00+09:00
2026-08-25 11:00:00+09:00,2026-08-25,003350,한국화장품제조,78.65769718241201,0,hold,True,12670.0,13290.0,2026-08-25 10:00:00+09:00
2026-08-25 11:00:00+09:00,2026-08-25,003350,한국화장품제조,78.65769718241201,0,money,True,13280.0,13290.0,2026-08-25 10:00:00+09:00
2026-08-25 11:00:00+09:00,2026-08-25,003350,한국화장품제조,79.01386206112942,60,money,True,12670.0,13290.0,2026-08-25 09:00:00+09:00
2026-01-22 11:00:00+09:00,2026-01-22,204270,제이앤티씨,72.43523528785383,0,hold,False,20750.0,20900.0,2026-01-22 10:00:00+09:00
2026-01-22 11:00:00+09:00,2026-01-22,204270,제이앤티씨,70.79659570900515,60,money,False,20750.0,20900.0,2026-01-22 09:00:00+09:00
2026-02-23 11:00:00+09:00,2026-02-23,204270,제이앤티씨,65.8201357435925,0,money,False,23400.0,23450.0,2026-02-23 10:00:00+09:00
2026-07-02 11:00:00+09:00,2026-07-02,051900,LG생활건강,69.66219439475258,0,hold,False,242500.0,247000.0,2026-07-02 10:00:00+09:00
2026-07-02 11:00:00+09:00,2026-07-02,051900,LG생활건강,69.66219439475258,0,money,False,247000.0,247000.0,2026-07-02 10:00:00+09:00
2026-09-15 11:00:00+09:00,2026-09-15,051900,LG생활건강,80.56923076923071,60,money,False,308500.0,307250.0,2026-09-15 09:00:00+09:00
2026-01-23 11:00:00+09:00,2026-01-23,124500,아이티센글로벌,76.9033629686896,60,money,True,37650.0,41350.0,2026-01-23 09:00:00+09:00
2026-03-11 11:00:00+09:00,2026-03-11,124500,아이티센글로벌,61.73187443849736,0,hold,True,69700.0,70500.0,2026-03-11 10:00:00+09:00
2026-03-11 11:00:00+09:00,2026-03-11,124500,아이티센글로벌,68.98870381159317,60,money,True,69700.0,70500.0,2026-03-11 09:00:00+09:00
2026-01-05 11:00:00+09:00,2026-01-05,131290,티에스이,68.38485963084796,60,hold,True,63200.0,64900.0,2026-01-05 09:00:00+09:00
2026-01-21 11:00:00+09:00,2026-01-21,131290,티에스이,63.825081833060565,0,hold,True,73000.0,73400.0,2026-01-21 10:00:00+09:00
2026-01-21 11:00:00+09:00,2026-01-21,131290,티에스이,77.46307692307691,60,money,True,73000.0,73400.0,2026-01-21 09:00:00+09:00
2026-04-09 11:00:00+09:00,2026-04-09,131290,티에스이,80.40921042218633,60,money,False,122300.0,118400.0,2026-04-09 09:00:00+09:00
2026-07-01 11:00:00+09:00,2026-07-01,131290,티에스이,72.44172801156853,60,money,False,274000.0,269500.0,2026-07-01 09:00:00+09:00
2026-02-19 11:00:00+09:00,2026-02-19,347850,디앤디파마텍,70.60679260414227,0,money,False,89200.0,89100.0,2026-02-19 10:00:00+09:00
2026-03-13 11:00:00+09:00,2026-03-13,347850,디앤디파마텍,69.86620772223885,0,money,False,90500.0,90500.0,2026-03-13 10:00:00+09:00
2026-06-17 11:00:00+09:00,2026-06-17,347850,디앤디파마텍,78.24392400967011,0,hold,True,98400.0,103900.0,2026-06-17 10:00:00+09:00
2026-06-17 11:00:00+09:00,2026-06-17,347850,디앤디파마텍,78.24392400967011,0,money,True,103900.0,103900.0,2026-06-17 10:00:00+09:00
2026-06-17 11:00:00+09:00,2026-06-17,347850,디앤디파마텍,77.54283971489942,60,money,True,98400.0,103900.0,2026-06-17 09:00:00+09:00
2026-02-09 11:00:00+09:00,2026-02-09,375500,DL이앤씨,73.42086916105042,60,money,True,50000.0,49250.0,2026-02-09 09:00:00+09:00
2026-04-03 11:00:00+09:00,2026-04-03,375500,DL이앤씨,73.18255772137107,0,hold,True,77800.0,77800.0,2026-04-03 10:00:00+09:00
2026-04-03 11:00:00+09:00,2026-04-03,375500,DL이앤씨,66.66763775917217,60,money,True,77800.0,77800.0,2026-04-03 09:00:00+09:00
2026-09-08 11:00:00+09:00,2026-09-08,375500,DL이앤씨,69.12413295977076,60,hold,True,78100.0,80300.0,2026-09-08 09:00:00+09:00
2026-01-20 11:00:00+09:00,2026-01-20,289930,웨이비스,78.89467455621302,60,money,True,10800.0,10790.0,2026-01-20 09:00:00+09:00
2026-01-23 11:00:00+09:00,2026-01-23,289930,웨이비스,71.07963954023504,60,money,True,11060.0,10880.0,2026-01-23 09:00:00+09:00
2026-04-17 11:00:00+09:00,2026-04-17,289930,웨이비스,80.19477317554244,60,money,False,19800.0,19560.0,2026-04-17 09:00:00+09:00
2026-02-10 11:00:00+09:00,2026-02-10,475150,SK이터닉스,69.33544442323594,60,hold,True,22725.0,22950.0,2026-02-10 09:00:00+09:00
2026-04-03 11:00:00+09:00,2026-04-03,475150,SK이터닉스,74.96923076923076,60,money,True,64400.0,64400.0,2026-04-03 09:00:00+09:00
2026-07-15 11:00:00+09:00,2026-07-15,475150,SK이터닉스,70.85323806537657,0,money,False,53700.0,53600.0,2026-07-15 10:00:00+09:00
2026-09-11 11:00:00+09:00,2026-09-11,475150,SK이터닉스,75.25819513108088,0,money,False,54100.0,54100.0,2026-09-11 10:00:00+09:00
2026-06-09 11:00:00+09:00,2026-06-09,095610,테스,71.21420095934906,0,hold,True,158500.0,159400.0,2026-06-09 10:00:00+09:00
2026-06-09 11:00:00+09:00,2026-06-09,095610,테스,71.12121268931932,60,money,True,158500.0,159400.0,2026-06-09 09:00:00+09:00
2026-06-26 11:00:00+09:00,2026-06-26,095610,테스,84.33714936064806,0,money,True,192000.0,192000.0,2026-06-26 10:00:00+09:00
2026-07-01 11:00:00+09:00,2026-07-01,095610,테스,66.33257159834743,60,money,True,229500.0,217000.0,2026-07-01 09:00:00+09:00
2026-02-25 11:00:00+09:00,2026-02-25,437730,삼현,72.17335200573233,0,money,False,56700.0,56700.0,2026-02-25 10:00:00+09:00
2026-04-16 11:00:00+09:00,2026-04-16,437730,삼현,77.44066171220206,60,money,True,50800.0,50700.0,2026-04-16 09:00:00+09:00
2026-04-21 11:00:00+09:00,2026-04-21,437730,삼현,62.058060386144874,60,money,True,53400.0,52900.0,2026-04-21 09:00:00+09:00
2026-05-15 11:00:00+09:00,2026-05-15,437730,삼현,69.71574201815912,60,money,False,58000.0,55400.0,2026-05-15 09:00:00+09:00
2026-08-03 11:00:00+09:00,2026-08-03,437730,삼현,55.08881669416921,0,money,True,42300.0,42300.0,2026-08-03 10:00:00+09:00
2026-04-08 11:00:00+09:00,2026-04-08,002990,금호건설,68.40562219258939,0,hold,False,5200.0,5230.0,2026-04-08 10:00:00+09:00
2026-04-08 11:00:00+09:00,2026-04-08,002990,금호건설,77.64262820512826,60,money,False,5200.0,5230.0,2026-04-08 09:00:00+09:00
2026-06-26 11:00:00+09:00,2026-06-26,002990,금호건설,66.6169555427554,0,hold,True,6440.0,6630.0,2026-06-26 10:00:00+09:00
2026-07-07 11:00:00+09:00,2026-07-07,002990,금호건설,76.69627001488318,0,hold,True,14480.0,14560.0,2026-07-07 10:00:00+09:00
2026-07-07 11:00:00+09:00,2026-07-07,002990,금호건설,82.43251088534107,60,money,True,14480.0,14560.0,2026-07-07 09:00:00+09:00
2026-08-28 11:00:00+09:00,2026-08-28,002990,금호건설,74.11357466063347,60,money,True,16400.0,15920.0,2026-08-28 09:00:00+09:00
2026-02-04 11:00:00+09:00,2026-02-04,006360,GS건설,72.97917585050449,60,money,True,19490.0,19300.0,2026-02-04 09:00:00+09:00
2026-08-26 11:00:00+09:00,2026-08-26,006360,GS건설,76.48260088807618,0,hold,True,36700.0,37800.0,2026-08-26 10:00:00+09:00
2026-08-26 11:00:00+09:00,2026-08-26,006360,GS건설,76.48260088807618,0,money,True,37800.0,37800.0,2026-08-26 10:00:00+09:00
2026-07-31 11:00:00+09:00,2026-07-31,0039P0,매드업,74.56442253152406,0,money,True,7580.0,7575.0,2026-07-31 10:00:00+09:00
2026-07-31 11:00:00+09:00,2026-07-31,0039P0,매드업,76.3829299124491,60,money,True,7470.0,7575.0,2026-07-31 09:00:00+09:00
2026-01-28 11:00:00+09:00,2026-01-28,032940,원익,61.69807845340766,60,money,False,15480.0,15160.0,2026-01-28 09:00:00+09:00
2026-05-19 11:00:00+09:00,2026-05-19,064550,바이오니아,78.51462036883208,0,money,False,9930.0,9930.0,2026-05-19 10:00:00+09:00
2026-04-03 11:00:00+09:00,2026-04-03,090460,비에이치,71.28599233105751,60,money,True,24150.0,23450.0,2026-04-03 09:00:00+09:00
2026-05-14 11:00:00+09:00,2026-05-14,090460,비에이치,74.8313456569271,60,money,False,36400.0,37950.0,2026-05-14 09:00:00+09:00
2026-01-02 11:00:00+09:00,2026-01-02,441270,파인엠텍,78.1322900026807,0,money,True,10510.0,10480.0,2026-01-02 10:00:00+09:00
2026-02-12 11:00:00+09:00,2026-02-12,441270,파인엠텍,62.64988125924359,0,hold,True,11160.0,11470.0,2026-02-12 10:00:00+09:00
2026-02-12 11:00:00+09:00,2026-02-12,441270,파인엠텍,62.08542946025163,60,money,True,11160.0,11470.0,2026-02-12 09:00:00+09:00
2026-09-15 11:00:00+09:00,2026-09-15,441270,파인엠텍,69.31426918756763,60,money,True,9570.0,9350.0,2026-09-15 09:00:00+09:00
2026-02-20 11:00:00+09:00,2026-02-20,041190,우리기술투자,80.66153846153847,60,money,False,8520.0,8430.0,2026-02-20 09:00:00+09:00
2026-01-20 11:00:00+09:00,2026-01-20,361610,SK아이이테크놀로지,79.71118428334253,0,hold,False,25300.0,25300.0,2026-01-20 10:00:00+09:00
2026-01-20 11:00:00+09:00,2026-01-20,361610,SK아이이테크놀로지,77.9380022962113,60,money,False,25300.0,25300.0,2026-01-20 09:00:00+09:00
2026-01-22 11:00:00+09:00,2026-01-22,361610,SK아이이테크놀로지,69.6801515745938,0,money,True,25900.0,25900.0,2026-01-22 10:00:00+09:00
2026-02-12 11:00:00+09:00,2026-02-12,361610,SK아이이테크놀로지,73.78678844608365,0,money,False,26750.0,26750.0,2026-02-12 10:00:00+09:00
2026-01-22 11:00:00+09:00,2026-01-22,126730,코칩,71.51551912356516,0,hold,True,16670.0,16870.0,2026-01-22 10:00:00+09:00
2026-01-22 11:00:00+09:00,2026-01-22,126730,코칩,76.84803921568621,60,money,True,16670.0,16870.0,2026-01-22 09:00:00+09:00
2026-04-23 11:00:00+09:00,2026-04-23,126730,코칩,79.80169150221505,0,money,True,21500.0,21500.0,2026-04-23 10:00:00+09:00
2026-05-21 11:00:00+09:00,2026-05-21,126730,코칩,84.14824733757152,0,hold,False,20800.0,20900.0,2026-05-21 10:00:00+09:00
2026-05-21 11:00:00+09:00,2026-05-21,126730,코칩,81.49169026878887,60,money,False,20800.0,20900.0,2026-05-21 09:00:00+09:00
2026-01-14 11:00:00+09:00,2026-01-14,192820,코스맥스,70.8108567914152,0,hold,True,178700.0,181700.0,2026-01-14 10:00:00+09:00
2026-01-14 11:00:00+09:00,2026-01-14,192820,코스맥스,70.8108567914152,0,money,True,181700.0,181700.0,2026-01-14 10:00:00+09:00
2026-01-14 11:00:00+09:00,2026-01-14,192820,코스맥스,67.98893854564218,60,money,True,178700.0,181700.0,2026-01-14 09:00:00+09:00
2026-01-22 11:00:00+09:00,2026-01-22,192820,코스맥스,73.68092008527834,60,money,True,193300.0,198400.0,2026-01-22 09:00:00+09:00
2026-02-06 11:00:00+09:00,2026-02-06,192820,코스맥스,76.4087456474823,60,money,True,202500.0,200500.0,2026-02-06 09:00:00+09:00
2026-03-31 11:00:00+09:00,2026-03-31,192820,코스맥스,74.30463944819135,0,money,True,202500.0,202500.0,2026-03-31 10:00:00+09:00
2026-08-20 11:00:00+09:00,2026-08-20,192820,코스맥스,74.45210384951591,0,hold,True,257000.0,259500.0,2026-08-20 10:00:00+09:00
2026-04-15 11:00:00+09:00,2026-04-15,319660,피에스케이,77.39167974882261,60,money,True,91000.0,89700.0,2026-04-15 09:00:00+09:00
2026-06-26 11:00:00+09:00,2026-06-26,319660,피에스케이,82.30862068965519,0,money,True,193400.0,193900.0,2026-06-26 10:00:00+09:00
2026-07-01 11:00:00+09:00,2026-07-01,319660,피에스케이,69.71727705439014,60,money,True,216000.0,209500.0,2026-07-01 09:00:00+09:00
2026-05-11 11:00:00+09:00,2026-05-11,043260,성호전자,76.04547528394275,0,money,False,48900.0,48900.0,2026-05-11 10:00:00+09:00
2026-09-09 11:00:00+09:00,2026-09-09,043260,성호전자,75.98628691983122,60,money,True,18860.0,18460.0,2026-09-09 09:00:00+09:00
2026-04-07 11:00:00+09:00,2026-04-07,058470,리노공업,66.93701382571207,60,money,False,111400.0,110000.0,2026-04-07 09:00:00+09:00
2026-06-12 11:00:00+09:00,2026-06-12,058470,리노공업,73.35760608786923,0,money,False,106500.0,106600.0,2026-06-12 10:00:00+09:00
2026-09-08 11:00:00+09:00,2026-09-08,058470,리노공업,80.18040902120421,60,money,True,70700.0,71100.0,2026-09-08 09:00:00+09:00
2026-01-22 11:00:00+09:00,2026-01-22,004020,현대제철,75.8286982248521,60,money,True,35150.0,34200.0,2026-01-22 09:00:00+09:00
2026-09-14 11:00:00+09:00,2026-09-14,053800,안랩,72.7362187282059,0,money,True,61300.0,61200.0,2026-09-14 10:00:00+09:00
2026-01-20 11:00:00+09:00,2026-01-20,001450,현대해상,70.86878360211406,60,money,False,27300.0,27300.0,2026-01-20 09:00:00+09:00
2026-02-04 11:00:00+09:00,2026-02-04,001450,현대해상,71.47601066261502,60,money,True,29300.0,29800.0,2026-02-04 09:00:00+09:00
2026-05-14 11:00:00+09:00,2026-05-14,322000,HD현대에너지솔루션,78.57537755011923,60,money,True,250000.0,246000.0,2026-05-14 09:00:00+09:00
2026-07-22 11:00:00+09:00,2026-07-22,322000,HD현대에너지솔루션,74.99834929019478,0,hold,True,135900.0,140400.0,2026-07-22 10:00:00+09:00
2026-07-22 11:00:00+09:00,2026-07-22,322000,HD현대에너지솔루션,74.99834929019478,0,money,True,140400.0,140400.0,2026-07-22 10:00:00+09:00
2026-07-22 11:00:00+09:00,2026-07-22,322000,HD현대에너지솔루션,78.43381843381844,60,money,True,135900.0,140400.0,2026-07-22 09:00:00+09:00
2026-08-19 11:00:00+09:00,2026-08-19,322000,HD현대에너지솔루션,76.83926722257154,0,money,True,136300.0,136200.0,2026-08-19 10:00:00+09:00
2026-01-23 11:00:00+09:00,2026-01-23,028300,HLB,75.68508785679322,0,hold,True,55200.0,55800.0,2026-01-23 10:00:00+09:00
2026-01-23 11:00:00+09:00,2026-01-23,028300,HLB,77.309364548495,60,money,True,55200.0,55800.0,2026-01-23 09:00:00+09:00
2026-04-07 11:00:00+09:00,2026-04-07,028300,HLB,75.9959488087069,60,money,True,53800.0,52200.0,2026-04-07 09:00:00+09:00
2026-08-04 11:00:00+09:00,2026-08-04,028300,HLB,71.63812819860202,0,money,True,33750.0,33750.0,2026-08-04 10:00:00+09:00
2026-01-14 11:00:00+09:00,2026-01-14,067310,하나마이크론,76.65825977301388,60,money,True,28850.0,28550.0,2026-01-14 09:00:00+09:00
2026-02-12 11:00:00+09:00,2026-02-12,067310,하나마이크론,79.47206452389553,0,money,False,35050.0,35050.0,2026-02-12 10:00:00+09:00
2026-05-21 11:00:00+09:00,2026-05-21,067310,하나마이크론,71.7403841358484,60,money,True,57200.0,55800.0,2026-05-21 09:00:00+09:00
2026-07-01 11:00:00+09:00,2026-07-01,067310,하나마이크론,82.71337953854936,60,money,True,54000.0,51700.0,2026-07-01 09:00:00+09:00
2026-08-13 11:00:00+09:00,2026-08-13,067310,하나마이크론,70.9305778792133,0,hold,True,36150.0,36200.0,2026-08-13 10:00:00+09:00
2026-08-13 11:00:00+09:00,2026-08-13,067310,하나마이크론,73.65393011514209,60,money,True,36150.0,36200.0,2026-08-13 09:00:00+09:00
2026-04-15 11:00:00+09:00,2026-04-15,271560,오리온,72.67268476615607,60,money,True,136500.0,138500.0,2026-04-15 09:00:00+09:00
2026-04-23 11:00:00+09:00,2026-04-23,271560,오리온,74.10782074969072,60,money,True,143600.0,146900.0,2026-04-23 09:00:00+09:00
2026-04-21 11:00:00+09:00,2026-04-21,012210,삼미금속,73.4963852145913,60,money,True,14950.0,14810.0,2026-04-21 09:00:00+09:00
2026-04-22 11:00:00+09:00,2026-04-22,336260,두산퓨얼셀,74.89056398637241,0,money,True,47950.0,48000.0,2026-04-22 10:00:00+09:00
2026-04-28 11:00:00+09:00,2026-04-28,336260,두산퓨얼셀,69.65742716628499,60,money,True,54900.0,52600.0,2026-04-28 09:00:00+09:00
2026-08-11 11:00:00+09:00,2026-08-11,336260,두산퓨얼셀,64.1518018183991,60,money,True,36300.0,36100.0,2026-08-11 09:00:00+09:00
2026-08-26 11:00:00+09:00,2026-08-26,336260,두산퓨얼셀,73.82436729034934,60,hold,True,42400.0,46150.0,2026-08-26 09:00:00+09:00
2026-01-15 11:00:00+09:00,2026-01-15,454910,두산로보틱스,65.44383292087716,0,hold,True,91500.0,92100.0,2026-01-15 10:00:00+09:00
2026-01-15 11:00:00+09:00,2026-01-15,454910,두산로보틱스,81.13884394763934,60,money,True,91500.0,92100.0,2026-01-15 09:00:00+09:00
2026-02-23 11:00:00+09:00,2026-02-23,330350,위더스제약,78.72786019313608,0,hold,True,9290.0,9420.0,2026-02-23 10:00:00+09:00
2026-02-23 11:00:00+09:00,2026-02-23,330350,위더스제약,80.77407208176436,60,money,True,9290.0,9420.0,2026-02-23 09:00:00+09:00
2026-01-02 11:00:00+09:00,2026-01-02,098460,고영,75.68116258741257,0,money,False,25350.0,25350.0,2026-01-02 10:00:00+09:00
2026-06-12 11:00:00+09:00,2026-06-12,098460,고영,62.472657971800444,0,hold,False,38100.0,39700.0,2026-06-12 10:00:00+09:00
2026-06-12 11:00:00+09:00,2026-06-12,098460,고영,62.472657971800444,0,money,False,39700.0,39700.0,2026-06-12 10:00:00+09:00
2026-06-12 11:00:00+09:00,2026-06-12,098460,고영,64.73786828257931,60,money,False,38100.0,39700.0,2026-06-12 09:00:00+09:00
2026-06-30 11:00:00+09:00,2026-06-30,119850,지엔씨에너지,80.21571906354515,0,money,False,23350.0,23300.0,2026-06-30 10:00:00+09:00
2026-06-30 11:00:00+09:00,2026-06-30,119850,지엔씨에너지,80.23736444932995,60,money,False,22700.0,23300.0,2026-06-30 09:00:00+09:00
2026-07-15 11:00:00+09:00,2026-07-15,119850,지엔씨에너지,68.59064857322929,0,hold,True,31500.0,31950.0,2026-07-15 10:00:00+09:00
2026-07-15 11:00:00+09:00,2026-07-15,119850,지엔씨에너지,68.59064857322929,0,money,True,32000.0,31950.0,2026-07-15 10:00:00+09:00
2026-07-15 11:00:00+09:00,2026-07-15,119850,지엔씨에너지,75.42400370713618,60,hold,True,30150.0,31950.0,2026-07-15 09:00:00+09:00
2026-07-15 11:00:00+09:00,2026-07-15,119850,지엔씨에너지,75.42400370713618,60,money,True,31500.0,31950.0,2026-07-15 09:00:00+09:00
2026-07-16 11:00:00+09:00,2026-07-16,119850,지엔씨에너지,75.61462442539084,60,money,True,33800.0,33350.0,2026-07-16 09:00:00+09:00
2026-09-09 11:00:00+09:00,2026-09-09,119850,지엔씨에너지,75.24952015355088,60,money,False,49950.0,47400.0,2026-09-09 09:00:00+09:00
2026-01-15 11:00:00+09:00,2026-01-15,010060,OCI홀딩스,65.0903573209709,0,money,False,115000.0,114900.0,2026-01-15 10:00:00+09:00
2026-01-15 11:00:00+09:00,2026-01-15,010060,OCI홀딩스,68.44855207473414,60,money,False,113700.0,114900.0,2026-01-15 09:00:00+09:00
2026-04-02 11:00:00+09:00,2026-04-02,010060,OCI홀딩스,71.25846729817849,0,hold,True,210500.0,215000.0,2026-04-02 10:00:00+09:00
2026-04-02 11:00:00+09:00,2026-04-02,010060,OCI홀딩스,67.92194354286131,60,money,True,210500.0,215000.0,2026-04-02 09:00:00+09:00
2026-07-22 11:00:00+09:00,2026-07-22,010060,OCI홀딩스,82.09040502507727,0,money,True,215000.0,215500.0,2026-07-22 10:00:00+09:00
2026-07-24 11:00:00+09:00,2026-07-24,010060,OCI홀딩스,71.45277777777778,60,hold,True,247000.0,278000.0,2026-07-24 09:00:00+09:00
2026-07-14 11:00:00+09:00,2026-07-14,006340,대원전선,75.56490731934962,0,money,True,11960.0,11960.0,2026-07-14 10:00:00+09:00
2026-01-28 11:00:00+09:00,2026-01-28,476830,알지노믹스,65.01717041412716,0,money,False,80400.0,80400.0,2026-01-28 10:00:00+09:00
2026-03-25 11:00:00+09:00,2026-03-25,476830,알지노믹스,69.42597114975356,0,money,True,111250.0,111250.0,2026-03-25 10:00:00+09:00
2026-08-12 11:00:00+09:00,2026-08-12,131970,두산테스나,71.64497758604365,0,money,True,76800.0,76800.0,2026-08-12 10:00:00+09:00
2026-04-09 11:00:00+09:00,2026-04-09,356860,티엘비,69.62803509487858,0,hold,False,39050.0,40000.0,2026-04-09 10:00:00+09:00
2026-04-09 11:00:00+09:00,2026-04-09,356860,티엘비,69.62803509487858,0,money,False,39850.0,40000.0,2026-04-09 10:00:00+09:00
2026-04-09 11:00:00+09:00,2026-04-09,356860,티엘비,74.14630692966882,60,money,False,39050.0,40000.0,2026-04-09 09:00:00+09:00
2026-08-26 11:00:00+09:00,2026-08-26,356860,티엘비,69.27579969535414,60,hold,True,38450.0,39000.0,2026-08-26 09:00:00+09:00
2026-02-20 11:00:00+09:00,2026-02-20,083650,비에이치아이,77.4606491774122,60,money,True,86700.0,86350.0,2026-02-20 09:00:00+09:00
2026-07-01 11:00:00+09:00,2026-07-01,083650,비에이치아이,76.10802571356972,60,money,False,60800.0,60700.0,2026-07-01 09:00:00+09:00
2026-01-02 11:00:00+09:00,2026-01-02,095340,ISC,78.36827195467421,0,money,True,117600.0,117700.0,2026-01-02 10:00:00+09:00
2026-01-27 11:00:00+09:00,2026-01-27,095340,ISC,70.91608180311086,60,money,True,115300.0,114300.0,2026-01-27 09:00:00+09:00
2026-02-06 11:00:00+09:00,2026-02-06,095340,ISC,72.75079748449107,0,money,True,159300.0,159400.0,2026-02-06 10:00:00+09:00
2026-01-22 11:00:00+09:00,2026-01-22,483650,달바글로벌,74.85330398644645,0,money,False,149100.0,149000.0,2026-01-22 10:00:00+09:00
2026-02-06 11:00:00+09:00,2026-02-06,483650,달바글로벌,69.8384579956171,0,money,True,171000.0,171200.0,2026-02-06 10:00:00+09:00
2026-02-06 11:00:00+09:00,2026-02-06,483650,달바글로벌,71.5162655338886,60,money,True,169900.0,171200.0,2026-02-06 09:00:00+09:00
2026-04-07 11:00:00+09:00,2026-04-07,483650,달바글로벌,72.86185744080481,60,money,True,165600.0,164900.0,2026-04-07 09:00:00+09:00
2026-07-21 11:00:00+09:00,2026-07-21,483650,달바글로벌,68.04803167652445,0,hold,True,235250.0,236500.0,2026-07-21 10:00:00+09:00
2026-07-21 11:00:00+09:00,2026-07-21,483650,달바글로벌,79.9174387119508,60,money,True,235250.0,236500.0,2026-07-21 09:00:00+09:00
2026-01-02 11:00:00+09:00,2026-01-02,103590,일진전기,74.97812975790464,0,money,False,56700.0,56700.0,2026-01-02 10:00:00+09:00
2026-04-08 11:00:00+09:00,2026-04-08,103590,일진전기,71.24332810047095,0,money,False,80100.0,80100.0,2026-04-08 10:00:00+09:00
2026-07-01 11:00:00+09:00,2026-07-01,103590,일진전기,76.39565527065527,60,money,False,82000.0,80300.0,2026-07-01 09:00:00+09:00
2026-01-06 11:00:00+09:00,2026-01-06,004090,한국석유,70.47029393370863,60,money,True,14570.0,14200.0,2026-01-06 09:00:00+09:00
2026-01-14 11:00:00+09:00,2026-01-14,004090,한국석유,73.10734688454897,0,money,True,14600.0,14605.0,2026-01-14 10:00:00+09:00
2026-07-23 11:00:00+09:00,2026-07-23,004090,한국석유,73.04245722235189,0,hold,True,11900.0,12000.0,2026-07-23 10:00:00+09:00
2026-07-23 11:00:00+09:00,2026-07-23,004090,한국석유,63.16311610337887,60,money,True,11900.0,12000.0,2026-07-23 09:00:00+09:00
2026-07-31 11:00:00+09:00,2026-07-31,079650,서산,86.20336219881676,60,money,False,4480.0,4460.0,2026-07-31 09:00:00+09:00
2026-08-11 11:00:00+09:00,2026-08-11,079650,서산,79.04187312774205,0,hold,True,4755.0,5090.0,2026-08-11 10:00:00+09:00
2026-08-11 11:00:00+09:00,2026-08-11,079650,서산,79.04187312774205,0,money,True,5090.0,5090.0,2026-08-11 10:00:00+09:00
2026-03-13 11:00:00+09:00,2026-03-13,417840,저스템,71.85775147928993,60,hold,False,6760.0,7170.0,2026-03-13 09:00:00+09:00
2026-03-13 11:00:00+09:00,2026-03-13,417840,저스템,71.85775147928993,60,money,False,7210.0,7170.0,2026-03-13 09:00:00+09:00
2026-04-09 11:00:00+09:00,2026-04-09,417840,저스템,79.33725961538462,60,money,False,7020.0,6950.0,2026-04-09 09:00:00+09:00
2026-05-13 11:00:00+09:00,2026-05-13,417840,저스템,73.66042637677529,0,money,True,17030.0,17030.0,2026-05-13 10:00:00+09:00
2026-05-20 11:00:00+09:00,2026-05-20,417840,저스템,70.07673927547891,0,money,True,18290.0,18290.0,2026-05-20 10:00:00+09:00
2026-05-21 11:00:00+09:00,2026-05-21,417840,저스템,68.3712573572638,60,money,True,19370.0,19360.0,2026-05-21 09:00:00+09:00
2026-06-12 11:00:00+09:00,2026-06-12,417840,저스템,69.70712350359413,0,hold,False,17580.0,17740.0,2026-06-12 10:00:00+09:00
2026-06-12 11:00:00+09:00,2026-06-12,417840,저스템,73.76268708666899,60,money,False,17580.0,17740.0,2026-06-12 09:00:00+09:00
2026-09-11 11:00:00+09:00,2026-09-11,417840,저스템,78.15352063059797,60,money,True,15860.0,15790.0,2026-09-11 09:00:00+09:00
2026-01-30 11:00:00+09:00,2026-01-30,023530,롯데쇼핑,76.06544202066593,60,hold,True,79600.0,81500.0,2026-01-30 09:00:00+09:00
2026-05-12 11:00:00+09:00,2026-05-12,023530,롯데쇼핑,72.82989377101701,60,money,True,155800.0,149000.0,2026-05-12 09:00:00+09:00
2026-06-09 11:00:00+09:00,2026-06-09,023530,롯데쇼핑,63.9636362388804,0,money,True,184700.0,184700.0,2026-06-09 10:00:00+09:00
2026-01-02 11:00:00+09:00,2026-01-02,252990,샘씨엔에스,68.83235557680933,0,money,False,6980.0,6980.0,2026-01-02 10:00:00+09:00
2026-01-20 11:00:00+09:00,2026-01-20,252990,샘씨엔에스,78.16369922212614,0,money,False,7060.0,7060.0,2026-01-20 10:00:00+09:00
2026-04-24 11:00:00+09:00,2026-04-24,089030,테크윙,73.80461943026754,0,money,True,61100.0,61000.0,2026-04-24 10:00:00+09:00
2026-06-09 11:00:00+09:00,2026-06-09,089030,테크윙,75.12631216658063,60,money,False,63200.0,60900.0,2026-06-09 09:00:00+09:00
2026-07-01 11:00:00+09:00,2026-07-01,089030,테크윙,79.22882454624025,60,money,False,61900.0,58200.0,2026-07-01 09:00:00+09:00
2026-07-15 11:00:00+09:00,2026-07-15,089030,테크윙,62.08975404504182,60,money,False,53600.0,52000.0,2026-07-15 09:00:00+09:00
2026-01-02 11:00:00+09:00,2026-01-02,089970,브이엠,74.93385358602748,0,hold,True,30200.0,31400.0,2026-01-02 10:00:00+09:00
2026-01-28 11:00:00+09:00,2026-01-28,089970,브이엠,73.95263532763533,60,hold,True,27850.0,28900.0,2026-01-28 09:00:00+09:00
2026-02-11 11:00:00+09:00,2026-02-11,089970,브이엠,57.36896596723525,0,money,True,33050.0,33050.0,2026-02-11 10:00:00+09:00
2026-04-10 11:00:00+09:00,2026-04-10,089970,브이엠,73.25977607858195,60,money,False,47450.0,46800.0,2026-04-10 09:00:00+09:00
2026-05-12 11:00:00+09:00,2026-05-12,089970,브이엠,69.55685367107637,60,money,True,61800.0,58800.0,2026-05-12 09:00:00+09:00
2026-05-22 11:00:00+09:00,2026-05-22,089970,브이엠,78.80769230769229,60,hold,True,59900.0,64300.0,2026-05-22 09:00:00+09:00
2026-06-05 11:00:00+09:00,2026-06-05,089970,브이엠,77.2279597238924,0,money,True,73300.0,73300.0,2026-06-05 10:00:00+09:00
2026-06-26 11:00:00+09:00,2026-06-26,089970,브이엠,79.31547387805958,0,money,True,114700.0,114800.0,2026-06-26 10:00:00+09:00
2026-02-11 11:00:00+09:00,2026-02-11,256840,한국비엔씨,77.3420857988165,0,money,False,5010.0,5000.0,2026-02-11 10:00:00+09:00
2026-09-09 11:00:00+09:00,2026-09-09,256840,한국비엔씨,80.70903010033445,60,money,True,2885.0,2880.0,2026-09-09 09:00:00+09:00
2026-05-08 11:00:00+09:00,2026-05-08,440110,파두,73.66095822502336,0,hold,True,88100.0,90000.0,2026-05-08 10:00:00+09:00
2026-05-08 11:00:00+09:00,2026-05-08,440110,파두,73.49538769448156,60,money,True,88100.0,90000.0,2026-05-08 09:00:00+09:00
2026-05-22 11:00:00+09:00,2026-05-22,440110,파두,56.9916036623995,0,hold,True,122500.0,123000.0,2026-05-22 10:00:00+09:00
2026-05-22 11:00:00+09:00,2026-05-22,440110,파두,62.29761157495957,60,money,True,122500.0,123000.0,2026-05-22 09:00:00+09:00
2026-03-20 11:00:00+09:00,2026-03-20,092790,넥스틸,75.30136828791544,0,hold,True,12530.0,12550.0,2026-03-20 10:00:00+09:00
2026-03-20 11:00:00+09:00,2026-03-20,092790,넥스틸,69.63324422664373,60,money,True,12530.0,12550.0,2026-03-20 09:00:00+09:00
2026-04-06 11:00:00+09:00,2026-04-06,092790,넥스틸,73.63306451612904,0,money,True,15670.0,15670.0,2026-04-06 10:00:00+09:00
2026-01-02 11:00:00+09:00,2026-01-02,281820,케이씨텍,77.15423034573436,0,money,True,40900.0,40900.0,2026-01-02 10:00:00+09:00
2026-02-23 11:00:00+09:00,2026-02-23,281820,케이씨텍,74.28828410480314,0,money,True,49800.0,49750.0,2026-02-23 10:00:00+09:00
2026-07-02 11:00:00+09:00,2026-07-02,041510,에스엠,71.62656014677535,0,hold,False,78800.0,79900.0,2026-07-02 10:00:00+09:00
2026-07-02 11:00:00+09:00,2026-07-02,041510,에스엠,72.183227451157,60,money,False,78800.0,79900.0,2026-07-02 09:00:00+09:00
2026-08-04 11:00:00+09:00,2026-08-04,041510,에스엠,58.76289018086991,0,hold,True,75100.0,75700.0,2026-08-04 10:00:00+09:00
2026-08-04 11:00:00+09:00,2026-08-04,041510,에스엠,60.58706153798757,60,money,True,75100.0,75700.0,2026-08-04 09:00:00+09:00
2026-01-06 11:00:00+09:00,2026-01-06,214450,파마리서치,65.20873043465113,0,money,True,442500.0,443000.0,2026-01-06 10:00:00+09:00
2026-01-22 11:00:00+09:00,2026-01-22,214450,파마리서치,80.51969634837508,60,money,False,452500.0,451500.0,2026-01-22 09:00:00+09:00
2026-01-23 11:00:00+09:00,2026-01-23,214450,파마리서치,58.594305572958774,60,money,False,475500.0,465500.0,2026-01-23 09:00:00+09:00
2026-04-16 11:00:00+09:00,2026-04-16,214450,파마리서치,73.55165633500445,0,money,False,313500.0,314000.0,2026-04-16 10:00:00+09:00
2026-04-24 11:00:00+09:00,2026-04-24,214450,파마리서치,80.10623068510054,60,money,True,327000.0,323500.0,2026-04-24 09:00:00+09:00
2026-06-26 11:00:00+09:00,2026-06-26,214450,파마리서치,78.13860225140715,60,money,True,332000.0,330500.0,2026-06-26 09:00:00+09:00
2026-01-05 11:00:00+09:00,2026-01-05,218410,RFHIC,65.02476712370166,60,hold,True,35200.0,35300.0,2026-01-05 09:00:00+09:00
2026-01-06 11:00:00+09:00,2026-01-06,218410,RFHIC,76.14944811448844,0,money,True,36800.0,36800.0,2026-01-06 10:00:00+09:00
2026-05-07 11:00:00+09:00,2026-05-07,218410,RFHIC,76.27536231884058,60,money,True,105000.0,104500.0,2026-05-07 09:00:00+09:00
2026-02-27 11:00:00+09:00,2026-02-27,178320,서진시스템,70.69774011299435,0,money,True,41900.0,41900.0,2026-02-27 10:00:00+09:00
2026-02-27 11:00:00+09:00,2026-02-27,178320,서진시스템,71.08024107146976,60,money,True,41350.0,41900.0,2026-02-27 09:00:00+09:00
2026-03-25 11:00:00+09:00,2026-03-25,178320,서진시스템,67.06075710215731,60,money,True,51300.0,50600.0,2026-03-25 09:00:00+09:00
2026-04-30 11:00:00+09:00,2026-04-30,178320,서진시스템,67.56853479149228,0,money,True,60200.0,60100.0,2026-04-30 10:00:00+09:00
2026-05-28 11:00:00+09:00,2026-05-28,178320,서진시스템,73.35493906911066,60,money,True,82300.0,79400.0,2026-05-28 09:00:00+09:00
2026-03-11 11:00:00+09:00,2026-03-11,002380,KCC,77.66336692711305,0,hold,False,559000.0,561000.0,2026-03-11 10:00:00+09:00
2026-03-11 11:00:00+09:00,2026-03-11,002380,KCC,74.56934405918885,60,money,False,559000.0,561000.0,2026-03-11 09:00:00+09:00
2026-01-30 11:00:00+09:00,2026-01-30,007810,코리아써키트,69.1764207654889,60,money,True,74600.0,72100.0,2026-01-30 09:00:00+09:00
2026-02-20 11:00:00+09:00,2026-02-20,007810,코리아써키트,69.8725513127375,60,money,False,62000.0,61800.0,2026-02-20 09:00:00+09:00
2026-03-18 11:00:00+09:00,2026-03-18,007810,코리아써키트,67.66037199991064,0,hold,True,58300.0,58600.0,2026-03-18 10:00:00+09:00
2026-03-18 11:00:00+09:00,2026-03-18,007810,코리아써키트,67.66037199991064,0,money,True,58600.0,58600.0,2026-03-18 10:00:00+09:00
2026-03-18 11:00:00+09:00,2026-03-18,007810,코리아써키트,77.35564648117841,60,money,False,58300.0,58600.0,2026-03-18 09:00:00+09:00
2026-07-27 11:00:00+09:00,2026-07-27,064260,다날,81.00609201673032,0,money,True,4900.0,4900.0,2026-07-27 10:00:00+09:00
2026-01-14 11:00:00+09:00,2026-01-14,044490,태웅,75.62903225806447,0,hold,True,29350.0,29500.0,2026-01-14 10:00:00+09:00
2026-01-14 11:00:00+09:00,2026-01-14,044490,태웅,67.85419071736564,60,money,True,29350.0,29500.0,2026-01-14 09:00:00+09:00
2026-05-04 11:00:00+09:00,2026-05-04,044490,태웅,78.69263573145234,0,money,True,59900.0,59800.0,2026-05-04 10:00:00+09:00
2026-02-09 11:00:00+09:00,2026-02-09,389020,자람테크놀로지,68.17155058412843,0,money,True,44900.0,44950.0,2026-02-09 10:00:00+09:00
2026-02-12 11:00:00+09:00,2026-02-12,389020,자람테크놀로지,78.28324348326305,0,money,True,46400.0,46250.0,2026-02-12 10:00:00+09:00
2026-02-12 11:00:00+09:00,2026-02-12,389020,자람테크놀로지,74.9310380029849,60,money,True,45600.0,46250.0,2026-02-12 09:00:00+09:00
2026-03-10 11:00:00+09:00,2026-03-10,389020,자람테크놀로지,64.9422407807188,0,money,False,48500.0,48350.0,2026-03-10 10:00:00+09:00
2026-03-11 11:00:00+09:00,2026-03-11,389020,자람테크놀로지,84.42393162393167,0,money,False,51800.0,51900.0,2026-03-11 10:00:00+09:00
2026-03-25 11:00:00+09:00,2026-03-25,389020,자람테크놀로지,83.54730465717675,60,money,True,58400.0,57800.0,2026-03-25 09:00:00+09:00
2026-01-22 11:00:00+09:00,2026-01-22,446540,메가터치,79.63313609467454,60,money,True,4140.0,4060.0,2026-01-22 09:00:00+09:00
2026-07-09 11:00:00+09:00,2026-07-09,446540,메가터치,76.2004048582996,60,money,True,6760.0,6400.0,2026-07-09 09:00:00+09:00
2026-08-27 11:00:00+09:00,2026-08-27,020150,롯데에너지머티리얼즈,70.49201741654569,0,money,True,35250.0,35200.0,2026-08-27 10:00:00+09:00
2026-07-01 11:00:00+09:00,2026-07-01,241710,코스메카코리아,67.22891360498014,0,hold,True,76200.0,76700.0,2026-07-01 10:00:00+09:00
2026-07-01 11:00:00+09:00,2026-07-01,241710,코스메카코리아,70.14972347370107,60,money,True,76200.0,76700.0,2026-07-01 09:00:00+09:00
2026-08-25 11:00:00+09:00,2026-08-25,241710,코스메카코리아,61.44500965317917,60,money,True,142000.0,138400.0,2026-08-25 09:00:00+09:00
2026-07-02 11:00:00+09:00,2026-07-02,035900,JYP Ent.,65.8088062910951,0,hold,False,56200.0,56700.0,2026-07-02 10:00:00+09:00
2026-07-02 11:00:00+09:00,2026-07-02,035900,JYP Ent.,69.68794114426923,60,money,False,56200.0,56700.0,2026-07-02 09:00:00+09:00
2026-04-21 11:00:00+09:00,2026-04-21,0011A0,액스비스,57.829425732604705,0,money,False,26450.0,26400.0,2026-04-21 10:00:00+09:00
2026-04-08 11:00:00+09:00,2026-04-08,004170,신세계,68.68645741856535,60,money,False,330000.0,327500.0,2026-04-08 09:00:00+09:00
2026-04-16 11:00:00+09:00,2026-04-16,004170,신세계,70.61171426443778,0,hold,True,370000.0,371000.0,2026-04-16 10:00:00+09:00
2026-04-16 11:00:00+09:00,2026-04-16,004170,신세계,72.80446260615801,60,money,True,370000.0,371000.0,2026-04-16 09:00:00+09:00
2026-01-19 11:00:00+09:00,2026-01-19,064290,인텍플러스,79.0839015424628,0,money,False,14630.0,14630.0,2026-01-19 10:00:00+09:00
2026-01-22 11:00:00+09:00,2026-01-22,064290,인텍플러스,77.59692307692305,60,money,True,15810.0,15800.0,2026-01-22 09:00:00+09:00
2026-03-19 11:00:00+09:00,2026-03-19,064290,인텍플러스,71.18129736826401,0,hold,True,17040.0,17340.0,2026-03-19 10:00:00+09:00
2026-03-19 11:00:00+09:00,2026-03-19,064290,인텍플러스,71.18129736826401,0,money,True,17310.0,17340.0,2026-03-19 10:00:00+09:00
2026-03-19 11:00:00+09:00,2026-03-19,064290,인텍플러스,79.06172349986787,60,money,True,17040.0,17340.0,2026-03-19 09:00:00+09:00
2026-04-17 11:00:00+09:00,2026-04-17,064290,인텍플러스,68.99973306127015,0,hold,True,27700.0,28250.0,2026-04-17 10:00:00+09:00
2026-04-17 11:00:00+09:00,2026-04-17,064290,인텍플러스,73.1990769230769,60,hold,True,26750.0,28250.0,2026-04-17 09:00:00+09:00
2026-04-17 11:00:00+09:00,2026-04-17,064290,인텍플러스,73.1990769230769,60,money,True,27700.0,28250.0,2026-04-17 09:00:00+09:00
2026-06-04 11:00:00+09:00,2026-06-04,064290,인텍플러스,63.23267838870222,0,money,True,43900.0,43900.0,2026-06-04 10:00:00+09:00
2026-08-18 11:00:00+09:00,2026-08-18,064290,인텍플러스,66.62356336540843,60,money,True,36000.0,35650.0,2026-08-18 09:00:00+09:00
2026-09-04 11:00:00+09:00,2026-09-04,064290,인텍플러스,76.150904544786,0,hold,True,38400.0,40500.0,2026-09-04 10:00:00+09:00
2026-09-04 11:00:00+09:00,2026-09-04,064290,인텍플러스,76.150904544786,0,money,True,40500.0,40500.0,2026-09-04 10:00:00+09:00
2026-09-04 11:00:00+09:00,2026-09-04,064290,인텍플러스,78.97454681476493,60,money,False,38400.0,40500.0,2026-09-04 09:00:00+09:00
2026-04-08 11:00:00+09:00,2026-04-08,319400,현대무벡스,72.40894442806348,0,money,False,28100.0,28150.0,2026-04-08 10:00:00+09:00
2026-07-27 11:00:00+09:00,2026-07-27,319400,현대무벡스,65.52687210647782,60,money,False,23750.0,23150.0,2026-07-27 09:00:00+09:00
2026-03-13 11:00:00+09:00,2026-03-13,141080,리가켐바이오,75.75781771834401,0,money,True,208500.0,208500.0,2026-03-13 10:00:00+09:00
2026-05-12 11:00:00+09:00,2026-05-12,141080,리가켐바이오,78.34689218085269,60,money,False,197400.0,190100.0,2026-05-12 09:00:00+09:00
2026-05-27 11:00:00+09:00,2026-05-27,141080,리가켐바이오,61.42679870930645,60,money,False,166100.0,167300.0,2026-05-27 09:00:00+09:00
2026-06-24 11:00:00+09:00,2026-06-24,141080,리가켐바이오,76.52932960234034,0,money,True,154000.0,154100.0,2026-06-24 10:00:00+09:00
2026-06-12 11:00:00+09:00,2026-06-12,232140,와이씨,67.67025266906009,60,money,False,16150.0,16100.0,2026-06-12 09:00:00+09:00
2026-01-14 11:00:00+09:00,2026-01-14,170920,엘티씨,82.61258633595902,60,money,True,22750.0,22300.0,2026-01-14 09:00:00+09:00
2026-03-25 11:00:00+09:00,2026-03-25,170920,엘티씨,67.99841577187115,0,money,True,35900.0,35800.0,2026-03-25 10:00:00+09:00
2026-04-14 11:00:00+09:00,2026-04-14,170920,엘티씨,82.12659939933351,60,money,False,30300.0,30100.0,2026-04-14 09:00:00+09:00
2026-07-01 11:00:00+09:00,2026-07-01,170920,엘티씨,71.35118590568376,60,money,False,56200.0,55400.0,2026-07-01 09:00:00+09:00
2026-01-02 11:00:00+09:00,2026-01-02,000250,삼천당제약,70.93841807036543,0,money,True,240000.0,240250.0,2026-01-02 10:00:00+09:00
2026-01-12 11:00:00+09:00,2026-01-12,000250,삼천당제약,72.87453106474658,60,money,True,265500.0,255500.0,2026-01-12 09:00:00+09:00
2026-01-13 11:00:00+09:00,2026-01-13,000250,삼천당제약,70.62486855614156,60,money,True,273000.0,268000.0,2026-01-13 09:00:00+09:00
2026-03-20 11:00:00+09:00,2026-03-20,000250,삼천당제약,79.55230769230769,0,money,True,889000.0,889000.0,2026-03-20 10:00:00+09:00
2026-01-23 11:00:00+09:00,2026-01-23,054920,한컴위드,75.33439434129085,0,money,False,5020.0,4995.0,2026-01-23 10:00:00+09:00
2026-03-25 11:00:00+09:00,2026-03-25,054920,한컴위드,80.03847490866544,0,hold,True,4730.0,4770.0,2026-03-25 10:00:00+09:00
2026-03-25 11:00:00+09:00,2026-03-25,054920,한컴위드,80.08611111111114,60,money,True,4730.0,4770.0,2026-03-25 09:00:00+09:00
2026-04-14 11:00:00+09:00,2026-04-14,054920,한컴위드,66.77873563218391,0,hold,True,5340.0,5370.0,2026-04-14 10:00:00+09:00
2026-04-14 11:00:00+09:00,2026-04-14,054920,한컴위드,77.84898537045777,60,money,True,5340.0,5370.0,2026-04-14 09:00:00+09:00
2026-09-11 11:00:00+09:00,2026-09-11,054920,한컴위드,74.51230625936185,0,hold,False,3985.0,4050.0,2026-09-11 10:00:00+09:00
2026-09-11 11:00:00+09:00,2026-09-11,054920,한컴위드,76.62910798122068,60,money,False,3985.0,4050.0,2026-09-11 09:00:00+09:00
2026-01-13 11:00:00+09:00,2026-01-13,204320,HL만도,76.40164561806353,60,money,True,62300.0,61000.0,2026-01-13 09:00:00+09:00
2026-02-25 11:00:00+09:00,2026-02-25,204320,HL만도,74.51270732662927,0,money,True,63900.0,63850.0,2026-02-25 10:00:00+09:00
2026-04-27 11:00:00+09:00,2026-04-27,204320,HL만도,69.5190069655082,0,money,True,56200.0,56250.0,2026-04-27 10:00:00+09:00
2026-05-08 11:00:00+09:00,2026-05-08,204320,HL만도,72.67184286901512,60,money,True,59800.0,62000.0,2026-05-08 09:00:00+09:00
2026-05-13 11:00:00+09:00,2026-05-13,204320,HL만도,65.93254891766856,0,money,True,62800.0,62800.0,2026-05-13 10:00:00+09:00
2026-03-18 11:00:00+09:00,2026-03-18,298380,에이비엘바이오,70.20384968491452,0,money,True,197700.0,197800.0,2026-03-18 10:00:00+09:00
2026-06-17 11:00:00+09:00,2026-06-17,298380,에이비엘바이오,67.39892507903588,0,money,False,106000.0,106000.0,2026-06-17 10:00:00+09:00
2026-08-05 11:00:00+09:00,2026-08-05,298380,에이비엘바이오,56.402022878294396,60,money,True,81900.0,80800.0,2026-08-05 09:00:00+09:00
2026-01-15 11:00:00+09:00,2026-01-15,090360,로보스타,71.54927884615385,0,money,False,78500.0,78500.0,2026-01-15 10:00:00+09:00
2026-05-12 11:00:00+09:00,2026-05-12,090360,로보스타,79.69835782195322,60,money,True,76700.0,70200.0,2026-05-12 09:00:00+09:00
2026-08-03 11:00:00+09:00,2026-08-03,090360,로보스타,65.56824420807224,0,money,True,68200.0,68200.0,2026-08-03 10:00:00+09:00
2026-08-04 11:00:00+09:00,2026-08-04,090360,로보스타,63.70786142330113,0,money,True,70700.0,70700.0,2026-08-04 10:00:00+09:00
2026-08-05 11:00:00+09:00,2026-08-05,090360,로보스타,53.4668003091792,0,hold,True,72200.0,72400.0,2026-08-05 10:00:00+09:00
2026-08-05 11:00:00+09:00,2026-08-05,090360,로보스타,60.70423222606706,60,money,True,72200.0,72400.0,2026-08-05 09:00:00+09:00
2026-06-26 11:00:00+09:00,2026-06-26,073240,금호타이어,78.63807345210184,0,money,True,4975.0,4970.0,2026-06-26 10:00:00+09:00
2026-07-10 11:00:00+09:00,2026-07-10,073240,금호타이어,73.4656060725084,0,hold,True,7220.0,7800.0,2026-07-10 10:00:00+09:00
2026-07-10 11:00:00+09:00,2026-07-10,073240,금호타이어,73.4656060725084,0,money,True,7800.0,7800.0,2026-07-10 10:00:00+09:00
2026-07-10 11:00:00+09:00,2026-07-10,073240,금호타이어,73.03304590306966,60,money,True,7220.0,7800.0,2026-07-10 09:00:00+09:00
2026-07-31 11:00:00+09:00,2026-07-31,073240,금호타이어,76.87279269272383,60,money,False,7270.0,7000.0,2026-07-31 09:00:00+09:00
2026-09-01 11:00:00+09:00,2026-09-01,073240,금호타이어,80.30806999874099,60,money,False,7650.0,7550.0,2026-09-01 09:00:00+09:00
2026-06-26 11:00:00+09:00,2026-06-26,477850,마키나락스,76.59623530297047,0,hold,False,18650.0,19180.0,2026-06-26 10:00:00+09:00
2026-06-26 11:00:00+09:00,2026-06-26,477850,마키나락스,83.03297331617922,60,money,False,18650.0,19180.0,2026-06-26 09:00:00+09:00
2026-01-22 11:00:00+09:00,2026-01-22,0007C0,아크릴,65.80958111344326,0,hold,False,30600.0,31250.0,2026-01-22 10:00:00+09:00
2026-01-22 11:00:00+09:00,2026-01-22,0007C0,아크릴,65.80958111344326,0,money,False,31350.0,31250.0,2026-01-22 10:00:00+09:00
2026-03-11 11:00:00+09:00,2026-03-11,0007C0,아크릴,76.03423233089609,0,money,False,38750.0,38750.0,2026-03-11 10:00:00+09:00
2026-04-07 11:00:00+09:00,2026-04-07,0007C0,아크릴,75.97971082474396,60,money,False,38550.0,37150.0,2026-04-07 09:00:00+09:00
2026-04-14 11:00:00+09:00,2026-04-14,0007C0,아크릴,78.84730934301749,60,money,True,42400.0,41375.0,2026-04-14 09:00:00+09:00
2026-09-16 11:00:00+09:00,2026-09-16,0007C0,아크릴,71.7465855033163,60,money,True,20450.0,20050.0,2026-09-16 09:00:00+09:00
2026-01-08 11:00:00+09:00,2026-01-08,071970,HD현대마린엔진,67.04492398792921,0,hold,True,96000.0,96500.0,2026-01-08 10:00:00+09:00
2026-01-08 11:00:00+09:00,2026-01-08,071970,HD현대마린엔진,78.66004962779161,60,money,True,96000.0,96500.0,2026-01-08 09:00:00+09:00
2026-01-09 11:00:00+09:00,2026-01-09,071970,HD현대마린엔진,54.34982493323754,60,money,True,98800.0,97500.0,2026-01-09 09:00:00+09:00
2026-03-11 11:00:00+09:00,2026-03-11,071970,HD현대마린엔진,81.54678654274724,0,hold,False,82300.0,83100.0,2026-03-11 10:00:00+09:00
2026-03-11 11:00:00+09:00,2026-03-11,071970,HD현대마린엔진,74.33619820431004,60,money,False,82300.0,83100.0,2026-03-11 09:00:00+09:00
2026-07-01 11:00:00+09:00,2026-07-01,071970,HD현대마린엔진,81.92293499858077,60,money,False,65300.0,64800.0,2026-07-01 09:00:00+09:00
