scan,day,code,name,signal_bar,score,pattern,volume_component,extension_atr,trend,breakout,money,hold,rank,status,return_pct,hit,entry_price,target_price,hit_bar,sessions_to_hit,exit_bar,stop_price
2026-08-03 09:00:00+09:00,2026-08-03,263860,지니언스,2026-07-31 14:00:00+09:00,72.26057026988586,rebound,21.630052112872004,2.2106643356643376,True,True,False,False,1,NO_FILL,,,,,,,,
2026-08-03 09:00:00+09:00,2026-08-03,441270,파인엠텍,2026-07-31 14:00:00+09:00,68.60488461213126,rebound,40.00589419375872,3.2082663605051662,True,True,False,False,2,NO_FILL,,,,,,,,
2026-08-03 09:00:00+09:00,2026-08-03,058610,에스피지,2026-07-31 14:00:00+09:00,58.7450298969351,base_breakout,33.73265417510708,3.138836772983116,True,True,True,False,3,NO_FILL,,,,,,,,
2026-08-03 10:00:00+09:00,2026-08-03,042510,라온시큐어,2026-08-03 09:00:00+09:00,70.79743655386237,base_breakout,46.70009485722387,2.146978021978021,True,True,False,False,1,OPEN_MARK_TO_MARKET,2.5575447570332477,False,7820.0,8602.0,,,,7429.0
2026-08-03 11:00:00+09:00,2026-08-03,330350,위더스제약,2026-08-03 10:00:00+09:00,71.14301440782143,rebound,39.86216391728551,2.5806451612903225,True,True,False,False,1,TARGET,10.0,True,6620.0,7282.0,2026-08-06 09:00:00+09:00,4.0,2026-08-06 09:00:00+09:00,6289.0
2026-08-03 11:00:00+09:00,2026-08-03,090360,로보스타,2026-08-03 10:00:00+09:00,65.56824420807224,rebound,46.394846814779896,3.7500882145377568,True,True,True,False,2,TARGET,10.0,True,68200.0,75020.0,2026-08-05 14:00:00+09:00,3.0,2026-08-05 14:00:00+09:00,64790.0
2026-08-03 11:00:00+09:00,2026-08-03,042510,라온시큐어,2026-08-03 10:00:00+09:00,63.99710665292154,rebound,40.14446815416381,2.508021390374332,True,True,False,False,3,OPEN_MARK_TO_MARKET,1.9059720457433205,False,7870.0,8657.0,,,,7476.5
2026-08-03 11:00:00+09:00,2026-08-03,437730,삼현,2026-08-03 10:00:00+09:00,55.08881669416921,base_breakout,29.99776187966468,3.795231248502277,True,True,True,False,4,STOP,-10.99290780141844,False,42300.0,46530.0,,,2026-08-04 09:00:00+09:00,40185.0
2026-08-04 10:00:00+09:00,2026-08-04,226950,올릭스,2026-08-04 09:00:00+09:00,68.44962182647387,base_breakout,70.80409611946146,3.614964844159933,True,True,True,False,1,TARGET,10.0,True,116000.0,127600.0,2026-08-05 09:00:00+09:00,2.0,2026-08-05 09:00:00+09:00,110200.0
2026-08-04 10:00:00+09:00,2026-08-04,041510,에스엠,2026-08-04 09:00:00+09:00,60.58706153798759,base_breakout,38.87120512583584,3.37635327635328,True,True,True,False,2,OPEN_MARK_TO_MARKET,1.333333333333342,False,75000.0,82500.0,,,,71250.0
2026-08-04 10:00:00+09:00,2026-08-04,256840,한국비엔씨,2026-08-04 09:00:00+09:00,57.12013212135805,base_breakout,20.16046496428256,3.4922187638950675,True,True,False,False,3,OPEN_MARK_TO_MARKET,7.283464566929143,False,2540.0,2794.0,,,,2413.0
2026-08-04 11:00:00+09:00,2026-08-04,028300,HLB,2026-08-04 10:00:00+09:00,71.63812819860205,base_breakout,88.30345141093868,3.5095396729255013,True,True,True,False,1,TARGET,10.0,True,33750.0,37125.0,2026-08-07 14:00:00+09:00,4.0,2026-08-07 14:00:00+09:00,32062.5
2026-08-04 11:00:00+09:00,2026-08-04,090360,로보스타,2026-08-04 10:00:00+09:00,63.70786142330113,base_breakout,50.41667862392195,3.741462573301137,True,True,True,False,2,STOP,-5.000000000000004,False,70700.0,77770.0,,,2026-08-05 09:00:00+09:00,67165.0
2026-08-04 11:00:00+09:00,2026-08-04,080220,제주반도체,2026-08-04 10:00:00+09:00,62.58636353112835,base_breakout,28.640555519719506,2.947423450336073,True,True,False,False,3,TARGET,10.0,True,70600.0,77660.0,2026-08-06 09:00:00+09:00,3.0,2026-08-06 09:00:00+09:00,67070.0
2026-08-04 11:00:00+09:00,2026-08-04,454910,두산로보틱스,2026-08-04 10:00:00+09:00,61.04346861082415,base_breakout,20.37728212495096,2.685453160700687,True,True,False,False,4,TARGET,10.0,True,67200.0,73920.0,2026-08-06 09:00:00+09:00,3.0,2026-08-06 09:00:00+09:00,63840.0
2026-08-04 11:00:00+09:00,2026-08-04,004090,한국석유,2026-08-04 10:00:00+09:00,60.29417440434598,base_breakout,17.611936395422628,1.5909830350917946,True,True,False,False,5,OPEN_MARK_TO_MARKET,1.1299435028248483,False,10620.0,11682.0,,,,10089.0
2026-08-05 09:00:00+09:00,2026-08-05,002380,KCC,2026-08-04 14:00:00+09:00,64.82413344377959,rebound,44.12763724364696,2.132563089084826,True,True,False,False,1,TARGET,10.0,True,404000.0,444400.0,2026-08-10 09:00:00+09:00,4.0,2026-08-10 09:00:00+09:00,383800.0
2026-08-05 10:00:00+09:00,2026-08-05,000670,영풍,2026-08-05 09:00:00+09:00,69.70631068937739,base_breakout,39.6450770200883,3.122208436724568,True,True,False,False,1,TARGET,10.0,True,36550.0,40205.0,2026-08-10 10:00:00+09:00,4.0,2026-08-10 10:00:00+09:00,34722.5
2026-08-05 10:00:00+09:00,2026-08-05,092790,넥스틸,2026-08-05 09:00:00+09:00,66.99635187303905,base_breakout,51.939801323237056,3.9938296997120495,True,True,False,False,2,TARGET,10.0,True,11890.0,13079.0,2026-08-07 12:00:00+09:00,3.0,2026-08-07 12:00:00+09:00,11295.5
2026-08-05 10:00:00+09:00,2026-08-05,002380,KCC,2026-08-05 09:00:00+09:00,65.39093686026254,base_breakout,43.15048849711717,3.444195804195803,True,True,False,False,3,TARGET,10.0,True,409000.0,449900.0,2026-08-11 12:00:00+09:00,5.0,2026-08-11 12:00:00+09:00,388550.0
2026-08-05 10:00:00+09:00,2026-08-05,454910,두산로보틱스,2026-08-05 09:00:00+09:00,64.63678822458175,base_breakout,31.39501804598577,3.876923076923078,True,True,False,False,4,OPEN_MARK_TO_MARKET,3.6465638148667656,False,71300.0,78430.0,,,,67735.0
2026-08-05 10:00:00+09:00,2026-08-05,035900,JYP Ent.,2026-08-05 09:00:00+09:00,63.60324064532743,base_breakout,19.07159834346571,2.640850616959833,True,True,False,False,5,OPEN_MARK_TO_MARKET,-0.9625668449197877,False,46750.0,51425.0,,,,44412.5
2026-08-05 11:00:00+09:00,2026-08-05,004020,현대제철,2026-08-05 10:00:00+09:00,63.99195173125171,rebound,37.57413062090958,2.8722562784259456,True,True,False,False,1,OPEN_MARK_TO_MARKET,3.797468354430378,False,27650.0,30415.0,,,,26267.5
2026-08-05 11:00:00+09:00,2026-08-05,082740,한화엔진,2026-08-05 10:00:00+09:00,63.2023882453971,rebound,25.44718323386296,3.70700290275762,True,True,True,False,2,STOP,-5.000000000000004,False,45450.0,49995.0,,,2026-08-06 10:00:00+09:00,43177.5
2026-08-05 11:00:00+09:00,2026-08-05,353200,대덕전자,2026-08-05 10:00:00+09:00,60.68987792080149,rebound,55.35489427115139,2.8434190620272317,True,True,False,False,3,STOP,-5.000000000000004,False,106400.0,117040.0,,,2026-08-06 10:00:00+09:00,101080.0
2026-08-05 11:00:00+09:00,2026-08-05,002380,KCC,2026-08-05 10:00:00+09:00,60.65882965657636,rebound,39.23981089055437,3.6137184115523455,True,True,False,False,4,OPEN_MARK_TO_MARKET,8.519637462235652,False,413750.0,455125.0,,,,393062.5
2026-08-05 11:00:00+09:00,2026-08-05,044490,태웅,2026-08-05 10:00:00+09:00,57.04394944923429,base_breakout,26.46409113757417,3.990950226244345,True,True,False,False,5,STOP,-5.000000000000004,False,28900.0,31790.0,,,2026-08-06 10:00:00+09:00,27455.0
2026-08-05 12:00:00+09:00,2026-08-05,090360,로보스타,2026-08-05 11:00:00+09:00,53.86009203504953,base_breakout,25.90979934556247,3.761934542422348,True,True,False,False,1,TARGET,10.0,True,73400.0,80740.0,2026-08-06 09:00:00+09:00,2.0,2026-08-06 09:00:00+09:00,69730.0
2026-08-06 09:00:00+09:00,2026-08-06,064290,인텍플러스,2026-08-05 14:00:00+09:00,69.33595065407395,rebound,35.71075292698182,2.514546351084814,True,True,False,False,1,STOP,-5.000000000000004,False,29400.0,32340.0,,,2026-08-06 09:00:00+09:00,27930.0
2026-08-06 10:00:00+09:00,2026-08-06,071200,인피니트헬스케어,2026-08-06 09:00:00+09:00,69.19867162675787,base_breakout,50.55977551270677,3.753027065527068,True,True,False,False,1,TARGET,10.0,True,9780.0,10758.0,2026-08-11 09:00:00+09:00,4.0,2026-08-11 09:00:00+09:00,9291.0
2026-08-06 10:00:00+09:00,2026-08-06,241710,코스메카코리아,2026-08-06 09:00:00+09:00,66.44884498301306,base_breakout,35.72784099686869,3.739948872879385,True,True,False,False,2,TARGET,10.0,True,90900.0,99990.0,2026-08-11 09:00:00+09:00,4.0,2026-08-11 09:00:00+09:00,86355.0
2026-08-06 12:00:00+09:00,2026-08-06,214450,파마리서치,2026-08-06 11:00:00+09:00,60.69151753100594,base_breakout,28.836049193491352,2.4984615384615387,True,True,True,False,1,STOP,-5.000000000000004,False,396000.0,435600.0,,,2026-08-07 11:00:00+09:00,376200.0
2026-08-06 14:00:00+09:00,2026-08-06,241710,코스메카코리아,2026-08-06 13:00:00+09:00,67.14698246480374,base_breakout,54.61709075165167,3.770714134350498,True,True,True,False,1,TARGET,10.0,True,94400.0,103840.0,2026-08-11 09:00:00+09:00,4.0,2026-08-11 09:00:00+09:00,89680.0
2026-08-06 14:00:00+09:00,2026-08-06,214450,파마리서치,2026-08-06 13:00:00+09:00,61.01066414222928,rebound,17.377298632881264,2.438914027149319,True,True,True,False,2,STOP,-5.000000000000004,False,399500.0,439450.0,,,2026-08-07 11:00:00+09:00,379525.0
2026-08-07 09:00:00+09:00,2026-08-07,271560,오리온,2026-08-06 14:00:00+09:00,63.66119602906163,base_breakout,27.42307762272938,1.5434444098411786,True,True,False,False,1,OPEN_MARK_TO_MARKET,-1.788375558867361,False,134200.0,147620.0,,,,127490.0
2026-08-07 10:00:00+09:00,2026-08-07,192820,코스맥스,2026-08-07 09:00:00+09:00,64.28866561795243,base_breakout,40.569337111604106,2.571403133903131,True,True,False,False,1,TARGET,10.0,True,206500.0,227150.0,2026-08-12 09:00:00+09:00,4.0,2026-08-12 09:00:00+09:00,196175.0
2026-08-10 11:00:00+09:00,2026-08-10,095610,테스,2026-08-10 10:00:00+09:00,57.57371513582996,rebound,17.04762107777639,2.2368348497380777,True,True,False,False,1,STOP,-5.000000000000004,False,144700.0,159170.0,,,2026-08-11 09:00:00+09:00,137465.0
2026-08-10 12:00:00+09:00,2026-08-10,036540,SFA반도체,2026-08-10 11:00:00+09:00,70.5486186840994,rebound,45.75987231967292,2.460978342046304,True,True,True,False,1,TARGET,10.0,True,5500.0,6050.0,2026-08-11 09:00:00+09:00,2.0,2026-08-11 09:00:00+09:00,5225.0
2026-08-10 12:00:00+09:00,2026-08-10,042510,라온시큐어,2026-08-10 11:00:00+09:00,65.93611556667052,rebound,21.12507480550569,0.9965556831228456,True,True,False,False,2,OPEN_MARK_TO_MARKET,-1.6867469879518038,False,8300.0,9130.0,,,,7885.0
2026-08-11 10:00:00+09:00,2026-08-11,319660,피에스케이,2026-08-11 09:00:00+09:00,76.72291750893207,rebound,60.70650482415196,2.052235643144733,True,True,False,False,1,STOP,-5.000000000000004,False,135100.0,148610.0,,,2026-08-11 10:00:00+09:00,128345.0
2026-08-11 10:00:00+09:00,2026-08-11,093370,후성,2026-08-11 09:00:00+09:00,76.41397388130406,base_breakout,73.84719734174297,2.212793522267205,True,True,False,False,2,TARGET,10.0,True,10710.0,11781.0,2026-08-13 09:00:00+09:00,3.0,2026-08-13 09:00:00+09:00,10174.5
2026-08-11 10:00:00+09:00,2026-08-11,131970,두산테스나,2026-08-11 09:00:00+09:00,74.45748948086808,base_breakout,73.59080280265152,2.593243551700523,True,True,False,False,3,TARGET,10.0,True,73400.0,80740.0,2026-08-12 11:00:00+09:00,2.0,2026-08-12 11:00:00+09:00,69730.0
2026-08-11 10:00:00+09:00,2026-08-11,058610,에스피지,2026-08-11 09:00:00+09:00,72.79653846153846,base_breakout,100.0,3.5080769230769246,True,True,True,False,4,STOP,-5.000000000000004,False,121200.0,133320.0,,,2026-08-11 10:00:00+09:00,115140.0
2026-08-11 10:00:00+09:00,2026-08-11,336260,두산퓨얼셀,2026-08-11 09:00:00+09:00,64.15180181839911,base_breakout,37.22790195623729,3.222420989862849,True,True,True,False,5,STOP,-5.000000000000004,False,36300.0,39930.0,,,2026-08-12 09:00:00+09:00,34485.0
2026-08-11 11:00:00+09:00,2026-08-11,079650,서산,2026-08-11 10:00:00+09:00,79.04187312774205,rebound,100.0,3.0433528987745864,True,True,True,True,1,TARGET,10.0,True,5090.0,5599.0,2026-08-12 09:00:00+09:00,2.0,2026-08-12 09:00:00+09:00,4835.5
2026-08-11 12:00:00+09:00,2026-08-11,079650,서산,2026-08-11 11:00:00+09:00,80.01099879465264,rebound,100.0,3.623130715438408,True,True,True,True,1,TARGET,10.0,True,5230.0,5753.0,2026-08-12 09:00:00+09:00,2.0,2026-08-12 09:00:00+09:00,4968.5
2026-08-12 10:00:00+09:00,2026-08-12,032940,원익,2026-08-12 09:00:00+09:00,63.26950106277364,base_breakout,60.5823661976652,2.818330605564645,True,True,False,False,1,STOP,-5.000000000000004,False,6300.0,6930.0,,,2026-08-19 09:00:00+09:00,5985.0
2026-08-12 10:00:00+09:00,2026-08-12,093370,후성,2026-08-12 09:00:00+09:00,62.18197383654497,base_breakout,40.28555274087292,2.8645643456070013,True,True,False,False,2,TARGET,10.0,True,10940.0,12034.0,2026-08-13 12:00:00+09:00,2.0,2026-08-13 12:00:00+09:00,10393.0
2026-08-12 11:00:00+09:00,2026-08-12,093370,후성,2026-08-12 10:00:00+09:00,73.35009982064896,base_breakout,70.14807713496906,3.4038887941326945,True,True,False,False,1,TARGET,10.0,True,11220.0,12342.0,2026-08-13 13:00:00+09:00,2.0,2026-08-13 13:00:00+09:00,10659.0
2026-08-12 11:00:00+09:00,2026-08-12,131970,두산테스나,2026-08-12 10:00:00+09:00,71.64497758604368,base_breakout,81.40952433206789,3.2771122320302637,True,True,True,False,2,TARGET,10.0,True,76800.0,84480.0,2026-08-12 13:00:00+09:00,1.0,2026-08-12 13:00:00+09:00,72960.0
2026-08-12 12:00:00+09:00,2026-08-12,204270,제이앤티씨,2026-08-12 11:00:00+09:00,73.171014500594,base_breakout,88.74798634335079,3.5257612931158877,True,True,True,False,1,TARGET,10.0,True,16540.0,18194.0,2026-08-13 09:00:00+09:00,2.0,2026-08-13 09:00:00+09:00,15713.0
2026-08-12 12:00:00+09:00,2026-08-12,089030,테크윙,2026-08-12 11:00:00+09:00,64.92872560427381,base_breakout,19.41625245575836,2.069909502262444,True,True,False,False,2,STOP,-5.000000000000004,False,48850.0,53735.0,,,2026-08-19 09:00:00+09:00,46407.5
2026-08-12 12:00:00+09:00,2026-08-12,319660,피에스케이,2026-08-12 11:00:00+09:00,62.82055580470599,base_breakout,28.948932869683908,1.555351882160393,True,True,False,False,3,STOP,-5.547112462006076,False,131600.0,144760.0,,,2026-08-19 09:00:00+09:00,125020.0
2026-08-12 12:00:00+09:00,2026-08-12,031980,피에스케이홀딩스,2026-08-12 11:00:00+09:00,61.385335128955695,base_breakout,19.96974173361924,2.584236186348864,True,True,False,False,4,STOP,-5.000000000000004,False,113300.0,124630.0,,,2026-08-13 09:00:00+09:00,107635.0
2026-08-12 12:00:00+09:00,2026-08-12,052710,아모텍,2026-08-12 11:00:00+09:00,55.86233151805779,base_breakout,18.44439845651996,2.7367692349445774,True,True,False,False,5,TARGET,10.0,True,13263.6357421875,14589.99931640625,2026-08-13 09:00:00+09:00,2.0,2026-08-13 09:00:00+09:00,12600.453955078125
2026-08-12 13:00:00+09:00,2026-08-12,024060,흥구석유,2026-08-12 12:00:00+09:00,63.46016588347597,base_breakout,21.473344858143264,3.846855699045479,True,True,True,False,1,STOP,-5.000000000000004,False,11280.0,12408.0,,,2026-08-13 09:00:00+09:00,10716.0
2026-08-13 09:00:00+09:00,2026-08-13,006340,대원전선,2026-08-12 14:00:00+09:00,60.612406634436105,base_breakout,33.91134430880485,2.774684270952928,True,True,True,False,1,STOP,-5.000000000000004,False,15420.0,16962.0,,,2026-08-14 09:00:00+09:00,14649.0
2026-08-13 10:00:00+09:00,2026-08-13,067310,하나마이크론,2026-08-13 09:00:00+09:00,73.65393011514212,base_breakout,77.05594478239814,2.865694234209439,True,True,True,False,1,TARGET,10.0,True,36200.0,39820.0,2026-08-18 09:00:00+09:00,3.0,2026-08-18 09:00:00+09:00,34390.0
2026-08-13 10:00:00+09:00,2026-08-13,289930,웨이비스,2026-08-13 09:00:00+09:00,66.28888597707574,base_breakout,52.16310088573975,2.0501986276634176,True,True,False,False,2,STOP,-5.000000000000004,False,7550.0,8305.0,,,2026-08-14 10:00:00+09:00,7172.5
2026-08-13 10:00:00+09:00,2026-08-13,000250,삼천당제약,2026-08-13 09:00:00+09:00,65.73110316064353,base_breakout,31.74053848210333,2.934971767101731,True,True,False,False,3,STOP,-5.000000000000004,False,197800.0,217580.0,,,2026-08-14 11:00:00+09:00,187910.0
2026-08-13 10:00:00+09:00,2026-08-13,389020,자람테크놀로지,2026-08-13 09:00:00+09:00,63.441501788931646,base_breakout,44.89745703337928,3.0391694195375183,True,True,False,False,4,STOP,-5.000000000000004,False,23750.0,26125.0,,,2026-08-14 09:00:00+09:00,22562.5
2026-08-13 10:00:00+09:00,2026-08-13,071970,HD현대마린엔진,2026-08-13 09:00:00+09:00,63.435719893280826,base_breakout,51.7298815176862,3.2834757834757813,True,True,False,False,5,STOP,-5.000000000000004,False,61300.0,67430.0,,,2026-08-13 13:00:00+09:00,58235.0
2026-08-13 11:00:00+09:00,2026-08-13,475150,SK이터닉스,2026-08-13 10:00:00+09:00,71.12003196262833,rebound,100.0,3.564986737400531,True,True,False,False,1,STOP,-5.000000000000004,False,58000.0,63800.0,,,2026-08-19 09:00:00+09:00,55100.0
2026-08-13 12:00:00+09:00,2026-08-13,187660,페니트리움바이오,2026-08-13 11:00:00+09:00,63.26430320651754,base_breakout,43.32869803976981,3.476847476847476,True,True,False,False,1,STOP,-5.000000000000004,False,4795.0,5274.5,,,2026-08-14 09:00:00+09:00,4555.25
2026-08-18 10:00:00+09:00,2026-08-18,064290,인텍플러스,2026-08-18 09:00:00+09:00,66.62356336540843,base_breakout,57.84176223647136,2.7661290322580645,True,True,True,False,1,STOP,-5.000000000000004,False,36000.0,39600.0,,,2026-08-18 11:00:00+09:00,34200.0
2026-08-18 11:00:00+09:00,2026-08-18,0015N0,아로마티카,2026-08-18 10:00:00+09:00,76.74195308237863,base_breakout,100.0,2.7705946535733763,True,True,True,False,1,STOP,-5.000000000000004,False,10040.0,11044.0,,,2026-08-18 12:00:00+09:00,9538.0
2026-08-19 11:00:00+09:00,2026-08-19,322000,HD현대에너지솔루션,2026-08-19 10:00:00+09:00,76.83926722257154,rebound,100.0,2.8579185520361987,True,True,True,False,1,STOP,-5.000000000000004,False,136200.0,149820.0,,,2026-08-20 09:00:00+09:00,129390.0
2026-08-19 11:00:00+09:00,2026-08-19,010060,OCI홀딩스,2026-08-19 10:00:00+09:00,63.562425435675664,rebound,44.478862902479854,1.8596234988640064,True,True,False,False,2,STOP,-5.000000000000004,False,287500.0,316250.0,,,2026-08-21 09:00:00+09:00,273125.0
2026-08-19 14:00:00+09:00,2026-08-19,336260,두산퓨얼셀,2026-08-19 13:00:00+09:00,70.4440405102865,rebound,43.92876124219324,2.18620893173323,True,True,True,False,1,STOP,-5.000000000000004,False,40450.0,44495.0,,,2026-08-21 09:00:00+09:00,38427.5
2026-08-20 09:00:00+09:00,2026-08-20,101730,위메이드맥스,2026-08-19 14:00:00+09:00,77.92603600654658,rebound,100.0,2.508237861429352,True,True,True,False,1,STOP,-5.000000000000004,False,4960.0,5456.0,,,2026-08-21 09:00:00+09:00,4712.0
2026-08-20 12:00:00+09:00,2026-08-20,001210,금호전기,2026-08-20 11:00:00+09:00,67.92691000090372,base_breakout,69.46881677786406,2.002628871871071,True,True,True,False,1,TARGET,10.0,True,7460.0,8206.0,2026-08-21 09:00:00+09:00,2.0,2026-08-21 09:00:00+09:00,7087.0
2026-08-21 11:00:00+09:00,2026-08-21,192820,코스맥스,2026-08-21 10:00:00+09:00,74.42938149217763,base_breakout,58.98671713574932,2.892149088025376,True,True,False,False,1,TARGET,10.0,True,267000.0,293700.0,2026-08-26 10:00:00+09:00,4.0,2026-08-26 10:00:00+09:00,253650.0
2026-08-21 14:00:00+09:00,2026-08-21,192820,코스맥스,2026-08-21 13:00:00+09:00,60.27747546827148,base_breakout,24.06179594600852,3.6627906976744176,True,True,True,False,1,OPEN_MARK_TO_MARKET,2.7472527472527375,False,273000.0,300300.0,,,,259350.0
2026-08-24 10:00:00+09:00,2026-08-24,462860,더즌,2026-08-24 09:00:00+09:00,77.8238898910277,base_breakout,100.0,3.237342163137216,True,True,False,False,1,STOP,-5.000000000000004,False,2925.0,3217.5,,,2026-08-25 09:00:00+09:00,2778.75
2026-08-24 10:00:00+09:00,2026-08-24,066970,엘앤에프,2026-08-24 09:00:00+09:00,65.3347707925023,base_breakout,44.68215698865583,3.5458725039456525,True,True,True,False,2,STOP,-5.000000000000004,False,121900.0,134090.0,,,2026-08-26 09:00:00+09:00,115805.0
2026-08-25 09:00:00+09:00,2026-08-25,361610,SK아이이테크놀로지,2026-08-24 14:00:00+09:00,64.4386078013391,rebound,29.28273723240475,2.8254105445116706,True,True,False,False,1,TARGET,10.0,True,15120.0,16632.0,2026-08-26 09:00:00+09:00,2.0,2026-08-26 09:00:00+09:00,14364.0
2026-08-25 09:00:00+09:00,2026-08-25,483650,달바글로벌,2026-08-24 14:00:00+09:00,64.26245123202469,rebound,30.168455706717022,2.750158931977112,True,True,False,False,2,STOP,-5.000000000000004,False,229500.0,252450.0,,,2026-08-31 09:00:00+09:00,218025.0
2026-08-25 10:00:00+09:00,2026-08-25,003350,한국화장품제조,2026-08-25 09:00:00+09:00,79.01386206112942,base_breakout,100.0,3.4725599363708675,True,True,True,False,1,TARGET,10.0,True,12670.0,13937.0,2026-08-25 13:00:00+09:00,1.0,2026-08-25 13:00:00+09:00,12036.5
2026-08-25 10:00:00+09:00,2026-08-25,051900,LG생활건강,2026-08-25 09:00:00+09:00,70.92954912784425,base_breakout,71.89470920197422,2.595141700404856,True,True,False,False,2,STOP,-5.000000000000004,False,320500.0,352550.0,,,2026-08-27 10:00:00+09:00,304475.0
2026-08-25 10:00:00+09:00,2026-08-25,161890,한국콜마,2026-08-25 09:00:00+09:00,70.6107096797636,base_breakout,56.63492491703678,3.759028340080973,True,True,True,False,3,TARGET,10.0,True,148700.0,163570.0,2026-08-31 09:00:00+09:00,5.0,2026-08-31 09:00:00+09:00,141265.0
2026-08-25 10:00:00+09:00,2026-08-25,241710,코스메카코리아,2026-08-25 09:00:00+09:00,61.445009653179184,base_breakout,22.8232682277521,1.969612205975844,True,True,True,False,4,OPEN_MARK_TO_MARKET,5.4225352112676095,False,142000.0,156200.0,,,,134900.0
2026-08-25 11:00:00+09:00,2026-08-25,003350,한국화장품제조,2026-08-25 10:00:00+09:00,78.65769718241201,base_breakout,100.0,3.9057229209320456,True,True,True,True,1,TARGET,10.0,True,13290.0,14619.0,2026-08-25 14:00:00+09:00,1.0,2026-08-25 14:00:00+09:00,12625.5
2026-08-25 12:00:00+09:00,2026-08-25,004020,현대제철,2026-08-25 11:00:00+09:00,86.37837286782698,rebound,100.0,1.973103819257667,True,True,True,False,1,TARGET,10.0,True,28900.0,31790.0,2026-08-27 09:00:00+09:00,3.0,2026-08-27 09:00:00+09:00,27455.0
2026-08-25 12:00:00+09:00,2026-08-25,234340,헥토파이낸셜,2026-08-25 11:00:00+09:00,70.11098296419779,base_breakout,51.15418511591122,1.7401033748859829,True,True,True,False,2,STOP,-5.000000000000004,False,22100.0,24310.0,,,2026-08-27 14:00:00+09:00,20995.0
2026-08-25 13:00:00+09:00,2026-08-25,004020,현대제철,2026-08-25 12:00:00+09:00,88.0064367816092,rebound,100.0,2.62917771883289,True,True,True,True,1,TARGET,10.0,True,29350.0,32285.0,2026-08-27 09:00:00+09:00,3.0,2026-08-27 09:00:00+09:00,27882.5
2026-08-25 13:00:00+09:00,2026-08-25,356860,티엘비,2026-08-25 12:00:00+09:00,76.43346513317331,rebound,68.46711421015303,2.76099706744868,True,True,True,False,2,TARGET,10.0,True,37250.0,40975.0,2026-08-27 09:00:00+09:00,3.0,2026-08-27 09:00:00+09:00,35387.5
2026-08-25 13:00:00+09:00,2026-08-25,204270,제이앤티씨,2026-08-25 12:00:00+09:00,72.52063460349383,rebound,50.91710053807857,1.1795729354257778,True,True,True,False,3,OPEN_MARK_TO_MARKET,3.084832904884327,False,19450.0,21395.0,,,,18477.5
2026-08-25 13:00:00+09:00,2026-08-25,004090,한국석유,2026-08-25 12:00:00+09:00,67.79634520390353,base_breakout,37.8908478711172,1.5891763104152452,True,True,False,False,4,OPEN_MARK_TO_MARKET,-0.26572187776793266,False,11290.0,12419.0,,,,10725.5
2026-08-25 13:00:00+09:00,2026-08-25,403870,HPSP,2026-08-25 12:00:00+09:00,65.52751982279408,rebound,32.872450712665575,1.8433223218499275,True,True,True,False,5,TARGET,10.0,True,48100.0,52910.0,2026-08-28 09:00:00+09:00,4.0,2026-08-28 09:00:00+09:00,45695.0
2026-08-25 14:00:00+09:00,2026-08-25,004020,현대제철,2026-08-25 13:00:00+09:00,82.28951240016809,rebound,100.0,3.30817307692308,True,True,True,True,1,TARGET,10.0,True,30050.0,33055.0,2026-08-27 09:00:00+09:00,3.0,2026-08-27 09:00:00+09:00,28547.5
2026-08-25 14:00:00+09:00,2026-08-25,001230,동국홀딩스,2026-08-25 13:00:00+09:00,79.06516566188596,rebound,77.41004929238491,2.691171697500809,True,True,False,False,2,OPEN_MARK_TO_MARKET,0.0,False,2025.0,2227.5,,,,1923.75
2026-08-25 14:00:00+09:00,2026-08-25,001820,삼화콘덴서,2026-08-25 13:00:00+09:00,77.06230319079717,rebound,100.0,3.3958193979933124,True,True,True,False,3,TARGET,10.0,True,105100.0,115610.0,2026-08-28 09:00:00+09:00,4.0,2026-08-28 09:00:00+09:00,99845.0
2026-08-25 14:00:00+09:00,2026-08-25,023530,롯데쇼핑,2026-08-25 13:00:00+09:00,76.40285521936805,rebound,39.882202372657545,1.6094997898276604,True,True,False,False,4,OPEN_MARK_TO_MARKET,8.426395939086294,False,98500.0,108350.0,,,,93575.0
2026-08-25 14:00:00+09:00,2026-08-25,232140,와이씨,2026-08-25 13:00:00+09:00,74.09405628994156,rebound,100.0,3.557042752539169,True,True,True,False,5,TARGET,10.0,True,11490.0,12639.0,2026-08-27 14:00:00+09:00,3.0,2026-08-27 14:00:00+09:00,10915.5
2026-08-26 09:00:00+09:00,2026-08-26,232140,와이씨,2026-08-25 14:00:00+09:00,83.14373608308557,rebound,100.0,3.6224686940966,True,True,True,True,1,TARGET,10.0,True,11600.0,12760.0,2026-08-27 14:00:00+09:00,2.0,2026-08-27 14:00:00+09:00,11020.0
2026-08-26 09:00:00+09:00,2026-08-26,222800,심텍,2026-08-25 14:00:00+09:00,82.85977999899487,rebound,43.48098144063383,1.947835565244472,True,True,False,False,2,TARGET,10.0,True,115900.0,127490.0,2026-08-27 12:00:00+09:00,2.0,2026-08-27 12:00:00+09:00,110105.0
2026-08-26 09:00:00+09:00,2026-08-26,031980,피에스케이홀딩스,2026-08-25 14:00:00+09:00,82.84919164980988,rebound,64.88756067616521,2.093101926753933,True,True,True,False,3,STOP,-5.000000000000004,False,119300.0,131230.0,,,2026-08-31 09:00:00+09:00,113335.0
2026-08-26 09:00:00+09:00,2026-08-26,204270,제이앤티씨,2026-08-25 14:00:00+09:00,82.82435209896484,rebound,100.0,1.886572409936897,True,True,True,False,4,STOP,-5.000000000000004,False,20150.0,22165.0,,,2026-08-26 10:00:00+09:00,19142.5
2026-08-26 09:00:00+09:00,2026-08-26,032820,우리기술,2026-08-25 14:00:00+09:00,70.46881773658171,rebound,55.47182388710043,1.6028037383177571,True,True,True,False,5,TARGET,10.0,True,12410.0,13651.0,2026-08-28 09:00:00+09:00,3.0,2026-08-28 09:00:00+09:00,11789.5
2026-08-26 10:00:00+09:00,2026-08-26,023530,롯데쇼핑,2026-08-26 09:00:00+09:00,71.28383855535793,rebound,64.59362952136499,3.5490716180371336,True,True,False,False,1,TARGET,10.0,True,101700.0,111870.0,2026-09-01 13:00:00+09:00,5.0,2026-09-01 13:00:00+09:00,96615.0
2026-08-26 11:00:00+09:00,2026-08-26,006360,GS건설,2026-08-26 10:00:00+09:00,76.48260088807618,rebound,100.0,3.164947107222152,True,True,True,True,1,STOP,-5.000000000000004,False,37800.0,41580.0,,,2026-08-28 09:00:00+09:00,35910.0
2026-08-26 14:00:00+09:00,2026-08-26,004170,신세계,2026-08-26 13:00:00+09:00,66.6140873751846,rebound,32.54523278046204,3.149710504549216,True,True,False,False,1,OPEN_MARK_TO_MARKET,4.415274463007157,False,419000.0,460900.0,,,,398050.0
2026-08-27 09:00:00+09:00,2026-08-27,289930,웨이비스,2026-08-26 14:00:00+09:00,68.84722134561893,rebound,38.24859567592871,2.228506787330319,True,True,False,False,1,STOP,-5.000000000000004,False,6850.0,7535.0,,,2026-08-28 09:00:00+09:00,6507.5
2026-08-27 09:00:00+09:00,2026-08-27,004170,신세계,2026-08-26 14:00:00+09:00,67.66614139160747,rebound,63.36421511654527,3.9561578318054975,True,True,False,False,2,STOP,-5.000000000000004,False,422000.0,464200.0,,,2026-08-28 10:00:00+09:00,400900.0
2026-08-27 09:00:00+09:00,2026-08-27,322000,HD현대에너지솔루션,2026-08-26 14:00:00+09:00,63.77475462978376,base_breakout,31.043665358619855,2.9829740323370872,True,True,True,False,3,STOP,-5.000000000000004,False,144800.0,159280.0,,,2026-08-28 10:00:00+09:00,137560.0
2026-08-27 09:00:00+09:00,2026-08-27,232140,와이씨,2026-08-26 14:00:00+09:00,62.41524810265107,base_breakout,56.7325416589182,3.599018003273321,True,True,True,False,4,TARGET,10.0,True,12410.0,13651.0,2026-08-27 14:00:00+09:00,1.0,2026-08-27 14:00:00+09:00,11789.5
2026-08-27 11:00:00+09:00,2026-08-27,441270,파인엠텍,2026-08-27 10:00:00+09:00,76.00935624773953,base_breakout,79.35678454011747,3.1036645757675823,True,True,False,False,1,TARGET,10.0,True,7330.0,8063.0,2026-08-27 13:00:00+09:00,1.0,2026-08-27 13:00:00+09:00,6963.5
2026-08-27 11:00:00+09:00,2026-08-27,020150,롯데에너지머티리얼즈,2026-08-27 10:00:00+09:00,70.49201741654569,base_breakout,100.0,3.836284470246734,True,True,True,False,2,TARGET,10.0,True,35200.0,38720.0,2026-09-01 09:00:00+09:00,4.0,2026-09-01 09:00:00+09:00,33440.0
2026-08-27 11:00:00+09:00,2026-08-27,403870,HPSP,2026-08-27 10:00:00+09:00,66.91148540060583,base_breakout,63.1091651199843,2.6710246275463647,True,True,True,False,3,OPEN_MARK_TO_MARKET,2.0000000000000018,False,50000.0,55000.0,,,,47500.0
2026-08-27 11:00:00+09:00,2026-08-27,066970,엘앤에프,2026-08-27 10:00:00+09:00,66.36661677946032,rebound,77.42862983991108,3.530671859785784,True,True,True,False,4,TARGET,10.0,True,131000.0,144100.0,2026-08-31 09:00:00+09:00,3.0,2026-08-31 09:00:00+09:00,124450.0
2026-08-27 12:00:00+09:00,2026-08-27,356680,엑스게이트,2026-08-27 11:00:00+09:00,77.58472554028506,rebound,71.0843398586401,2.348725402504473,True,True,False,False,1,TARGET,10.0,True,12020.0,13222.0,2026-08-28 14:00:00+09:00,2.0,2026-08-28 14:00:00+09:00,11419.0
2026-08-27 12:00:00+09:00,2026-08-27,095340,ISC,2026-08-27 11:00:00+09:00,56.97758374949988,base_breakout,21.127558125135053,3.248073287770834,True,True,False,False,2,STOP,-5.000000000000004,False,171600.0,188760.0,,,2026-09-01 09:00:00+09:00,163020.0
2026-08-27 14:00:00+09:00,2026-08-27,031980,피에스케이홀딩스,2026-08-27 13:00:00+09:00,62.07514042550928,base_breakout,18.94538825537204,3.360546430313873,True,True,False,False,1,STOP,-5.000000000000004,False,126600.0,139260.0,,,2026-08-28 14:00:00+09:00,120270.0
2026-08-28 09:00:00+09:00,2026-08-28,281820,케이씨텍,2026-08-27 14:00:00+09:00,67.45891657579199,base_breakout,57.31413959343183,2.667535853976531,True,True,False,False,1,STOP,-6.80173661360347,False,69100.0,76010.0,,,2026-08-31 09:00:00+09:00,65645.0
2026-08-28 09:00:00+09:00,2026-08-28,067310,하나마이크론,2026-08-27 14:00:00+09:00,63.35460305731601,base_breakout,20.94918868944833,2.9512711864406778,True,True,True,False,2,STOP,-5.000000000000004,False,37950.0,41745.0,,,2026-08-28 10:00:00+09:00,36052.5
2026-08-28 09:00:00+09:00,2026-08-28,095610,테스,2026-08-27 14:00:00+09:00,58.64768514354813,base_breakout,40.87233630976634,3.1095449053564206,True,True,False,False,3,STOP,-5.000000000000004,False,143200.0,157520.0,,,2026-08-31 09:00:00+09:00,136040.0
2026-08-28 10:00:00+09:00,2026-08-28,356680,엑스게이트,2026-08-28 09:00:00+09:00,80.11653428093642,base_breakout,100.0,2.840823578595319,True,True,True,False,1,STOP,-6.35696821515892,False,12270.0,13497.0,,,2026-08-31 09:00:00+09:00,11656.5
2026-08-28 10:00:00+09:00,2026-08-28,158430,아톤,2026-08-28 09:00:00+09:00,79.33508956796628,base_breakout,100.0,2.345626975763958,True,True,False,False,2,STOP,-5.000000000000004,False,4770.0,5247.0,,,2026-08-31 09:00:00+09:00,4531.5
2026-08-28 10:00:00+09:00,2026-08-28,001820,삼화콘덴서,2026-08-28 09:00:00+09:00,78.20130649246767,base_breakout,100.0,3.547127049726702,True,True,True,False,3,STOP,-5.000000000000004,False,115800.0,127380.0,,,2026-08-28 14:00:00+09:00,110010.0
2026-08-28 10:00:00+09:00,2026-08-28,002990,금호건설,2026-08-28 09:00:00+09:00,74.11357466063347,base_breakout,100.0,2.023981900452489,True,True,True,False,4,STOP,-5.000000000000004,False,16380.0,18018.0,,,2026-08-28 10:00:00+09:00,15561.0
2026-08-28 10:00:00+09:00,2026-08-28,001210,금호전기,2026-08-28 09:00:00+09:00,71.70828688219994,base_breakout,100.0,3.822123126470952,True,True,True,False,5,TARGET,10.0,True,10240.0,11264.0,2026-08-31 09:00:00+09:00,2.0,2026-08-31 09:00:00+09:00,9728.0
2026-08-28 12:00:00+09:00,2026-08-28,095340,ISC,2026-08-28 11:00:00+09:00,56.93808298289305,base_breakout,16.67233543297116,3.962647108988575,True,True,False,False,1,STOP,-5.000000000000004,False,176000.0,193600.0,,,2026-08-31 09:00:00+09:00,167200.0
2026-08-28 13:00:00+09:00,2026-08-28,073240,금호타이어,2026-08-28 12:00:00+09:00,77.34813667970442,rebound,100.0,1.840938722294657,True,True,True,False,1,STOP,-5.000000000000004,False,7360.0,8096.0,,,2026-09-03 09:00:00+09:00,6992.0
2026-08-28 13:00:00+09:00,2026-08-28,051900,LG생활건강,2026-08-28 12:00:00+09:00,58.77463850353216,base_breakout,19.13255486583873,1.0468117408906892,True,True,False,False,2,STOP,-5.000000000000004,False,317500.0,349250.0,,,2026-09-02 09:00:00+09:00,301625.0
2026-08-28 13:00:00+09:00,2026-08-28,053800,안랩,2026-08-28 12:00:00+09:00,58.56931531338794,base_breakout,29.723666867943155,2.8620401337792694,True,True,False,False,3,OPEN_MARK_TO_MARKET,-3.056027164685904,False,58900.0,64790.0,,,,55955.0
2026-08-31 10:00:00+09:00,2026-08-31,014950,삼익제약,2026-08-31 09:00:00+09:00,73.25391849529784,base_breakout,100.0,3.6206896551724137,True,True,True,False,1,TARGET,10.0,True,5350.0,5885.0,2026-09-01 09:00:00+09:00,2.0,2026-09-01 09:00:00+09:00,5082.5
2026-08-31 14:00:00+09:00,2026-08-31,090460,비에이치,2026-08-31 13:00:00+09:00,62.06298540616093,rebound,20.47707274914896,3.0679102913435345,True,True,False,False,1,TARGET,10.0,True,17810.0,19591.0,2026-09-01 09:00:00+09:00,2.0,2026-09-01 09:00:00+09:00,16919.5
2026-09-01 09:00:00+09:00,2026-09-01,090460,비에이치,2026-08-31 14:00:00+09:00,69.6942847894118,rebound,65.35441702976036,3.824742268041237,True,True,True,False,1,TARGET,10.0,True,20200.0,22220.0,2026-09-01 13:00:00+09:00,1.0,2026-09-01 13:00:00+09:00,19190.0
2026-09-01 09:00:00+09:00,2026-09-01,204320,HL만도,2026-08-31 14:00:00+09:00,65.75530701889687,rebound,42.19626938967632,1.9751861042183667,True,True,False,False,2,STOP,-5.501930501930497,False,51800.0,56980.0,,,2026-09-02 09:00:00+09:00,49210.0
2026-09-01 09:00:00+09:00,2026-09-01,417840,저스템,2026-08-31 14:00:00+09:00,47.86381196731425,base_breakout,24.48438448964648,3.781223231111875,True,True,False,False,3,TARGET,10.0,True,14160.0,15576.0,2026-09-03 09:00:00+09:00,3.0,2026-09-03 09:00:00+09:00,13452.0
2026-09-01 10:00:00+09:00,2026-09-01,073240,금호타이어,2026-09-01 09:00:00+09:00,80.30806999874099,base_breakout,100.0,2.0939191741155745,True,True,True,False,1,STOP,-5.744125326370753,False,7660.0,8426.0,,,2026-09-02 09:00:00+09:00,7277.0
2026-09-02 09:00:00+09:00,2026-09-02,004170,신세계,2026-09-01 14:00:00+09:00,74.22203964355847,base_breakout,75.49481360240783,2.8967032967033,True,True,True,False,1,STOP,-5.000000000000004,False,424000.0,466400.0,,,2026-09-02 10:00:00+09:00,402800.0
2026-09-02 10:00:00+09:00,2026-09-02,332570,PS일렉트로닉스,2026-09-02 09:00:00+09:00,73.18477754944551,rebound,45.29597330613411,1.6389884088514228,True,True,False,False,1,STOP,-5.000000000000004,False,8040.0,8844.0,,,2026-09-03 09:00:00+09:00,7638.0
2026-09-02 14:00:00+09:00,2026-09-02,218410,RFHIC,2026-09-02 13:00:00+09:00,69.70611755598433,rebound,52.05143375724606,2.2269168634273635,True,True,True,False,1,STOP,-5.000000000000004,False,48950.0,53845.0,,,2026-09-03 09:00:00+09:00,46502.5
2026-09-03 13:00:00+09:00,2026-09-03,375500,DL이앤씨,2026-09-03 12:00:00+09:00,78.07151683906883,rebound,73.63502133147679,1.7880434782608696,True,True,True,False,1,TARGET,10.0,True,73400.0,80740.0,2026-09-08 09:00:00+09:00,4.0,2026-09-08 09:00:00+09:00,69730.0
2026-09-03 14:00:00+09:00,2026-09-03,031980,피에스케이홀딩스,2026-09-03 13:00:00+09:00,71.56424630144514,rebound,100.0,2.782051282051281,True,True,True,False,1,TARGET,10.0,True,133600.0,146960.0,2026-09-07 09:00:00+09:00,3.0,2026-09-07 09:00:00+09:00,126920.0
2026-09-04 10:00:00+09:00,2026-09-04,064290,인텍플러스,2026-09-04 09:00:00+09:00,78.97454681476493,base_breakout,79.66091690548566,2.936454849498329,True,True,True,False,1,TARGET,10.0,True,38400.0,42240.0,2026-09-07 09:00:00+09:00,2.0,2026-09-07 09:00:00+09:00,36480.0
2026-09-04 10:00:00+09:00,2026-09-04,031980,피에스케이홀딩스,2026-09-04 09:00:00+09:00,77.37034835334681,base_breakout,100.0,3.734276542622757,True,True,True,False,2,TARGET,10.0,True,141900.0,156090.0,2026-09-07 09:00:00+09:00,2.0,2026-09-07 09:00:00+09:00,134805.0
2026-09-04 11:00:00+09:00,2026-09-04,064290,인텍플러스,2026-09-04 10:00:00+09:00,76.150904544786,base_breakout,100.0,3.6703927048095326,True,True,True,True,1,TARGET,10.0,True,40500.0,44550.0,2026-09-09 09:00:00+09:00,4.0,2026-09-09 09:00:00+09:00,38475.0
2026-09-04 12:00:00+09:00,2026-09-04,440110,파두,2026-09-04 11:00:00+09:00,67.31692875199391,base_breakout,41.05534828908542,1.1486340762041718,True,True,True,False,1,TARGET,10.0,True,65000.0,71500.0,2026-09-07 09:00:00+09:00,2.0,2026-09-07 09:00:00+09:00,61750.0
2026-09-04 12:00:00+09:00,2026-09-04,252990,샘씨엔에스,2026-09-04 11:00:00+09:00,64.31108379935958,base_breakout,18.697410105513992,1.582379092011316,True,True,True,False,2,STOP,-5.000000000000004,False,13720.0,15092.0,,,2026-09-07 09:00:00+09:00,13034.0
2026-09-04 13:00:00+09:00,2026-09-04,014950,삼익제약,2026-09-04 12:00:00+09:00,76.12209580766898,rebound,100.0,3.815668930658664,True,True,True,False,1,STOP,-5.000000000000004,False,7370.0,8107.0,,,2026-09-04 13:00:00+09:00,7001.5
2026-09-04 14:00:00+09:00,2026-09-04,437730,삼현,2026-09-04 13:00:00+09:00,80.27525817183735,rebound,51.042842239570696,2.8708929261693106,True,True,False,False,1,TARGET,10.0,True,32850.0,36135.0,2026-09-10 09:00:00+09:00,5.0,2026-09-10 09:00:00+09:00,31207.5
2026-09-04 14:00:00+09:00,2026-09-04,440110,파두,2026-09-04 13:00:00+09:00,74.28288567411373,base_breakout,83.96229161843203,2.6049572649572648,True,True,True,False,2,TARGET,10.0,True,67600.0,74360.0,2026-09-08 12:00:00+09:00,3.0,2026-09-08 12:00:00+09:00,64220.0
2026-09-04 14:00:00+09:00,2026-09-04,170920,엘티씨,2026-09-04 13:00:00+09:00,63.00627147061836,rebound,19.449454748869893,2.3539912917271426,True,True,False,False,3,OPEN_MARK_TO_MARKET,-2.9166666666666674,False,36000.0,39600.0,,,,34200.0
2026-09-04 14:00:00+09:00,2026-09-04,095610,테스,2026-09-04 13:00:00+09:00,62.95846828444087,rebound,17.393155916110015,2.524786324786323,True,True,True,False,4,TARGET,10.0,True,145800.0,160380.0,2026-09-07 09:00:00+09:00,2.0,2026-09-07 09:00:00+09:00,138510.0
2026-09-07 09:00:00+09:00,2026-09-07,281820,케이씨텍,2026-09-04 14:00:00+09:00,71.4700585450303,rebound,46.9384337507924,1.938461538461537,True,True,False,False,1,NO_FILL,,,,,,,,
2026-09-07 09:00:00+09:00,2026-09-07,031980,피에스케이홀딩스,2026-09-04 14:00:00+09:00,54.44923157186936,base_breakout,23.760106732931497,3.2250496089646328,True,True,False,False,2,NO_FILL,,,,,,,,
2026-09-07 10:00:00+09:00,2026-09-07,281820,케이씨텍,2026-09-07 09:00:00+09:00,61.36862757020439,base_breakout,27.846619965614856,3.937638493194048,True,True,False,False,1,STOP,-5.000000000000004,False,71900.0,79090.0,,,2026-09-08 14:00:00+09:00,68305.0
2026-09-07 11:00:00+09:00,2026-09-07,036540,SFA반도체,2026-09-07 10:00:00+09:00,67.63486536755651,base_breakout,46.90796022567097,2.2197217675941068,True,True,True,False,1,STOP,-5.000000000000004,False,6045.0,6649.5,,,2026-09-08 09:00:00+09:00,5742.75
2026-09-07 12:00:00+09:00,2026-09-07,012210,삼미금속,2026-09-07 11:00:00+09:00,71.8502144980764,rebound,100.0,3.871226043580992,True,True,True,False,1,TARGET,10.0,True,10100.0,11110.0,2026-09-09 11:00:00+09:00,3.0,2026-09-09 11:00:00+09:00,9595.0
2026-09-07 12:00:00+09:00,2026-09-07,403870,HPSP,2026-09-07 11:00:00+09:00,67.31149695533213,rebound,32.44432981567946,2.3762541806020043,True,True,True,False,2,TARGET,10.0,True,53700.0,59070.0,2026-09-10 12:00:00+09:00,4.0,2026-09-10 12:00:00+09:00,51015.0
2026-09-07 13:00:00+09:00,2026-09-07,375500,DL이앤씨,2026-09-07 12:00:00+09:00,60.8318447829696,base_breakout,31.13198799287515,3.261685682738312,True,True,True,True,1,TARGET,10.0,True,77400.0,85140.0,2026-09-11 09:00:00+09:00,5.0,2026-09-11 09:00:00+09:00,73530.0
2026-09-08 09:00:00+09:00,2026-09-08,375500,DL이앤씨,2026-09-07 14:00:00+09:00,61.099479288004055,base_breakout,43.023620216244026,3.164685314685314,True,True,True,False,1,TARGET,10.0,True,78500.0,86350.0,2026-09-11 11:00:00+09:00,4.0,2026-09-11 11:00:00+09:00,74575.0
2026-09-08 10:00:00+09:00,2026-09-08,058470,리노공업,2026-09-08 09:00:00+09:00,80.18040902120421,base_breakout,89.2353784393544,3.8333333333333335,True,True,True,False,1,STOP,-5.09193776520509,False,70700.0,77770.0,,,2026-09-11 09:00:00+09:00,67165.0
2026-09-08 10:00:00+09:00,2026-09-08,010170,대한광통신,2026-09-08 09:00:00+09:00,79.2433362683102,base_breakout,100.0,3.2621468022092377,True,True,True,False,2,OPEN_MARK_TO_MARKET,-0.1386962552011095,False,14420.0,15862.0,,,,13699.0
2026-09-08 10:00:00+09:00,2026-09-08,093370,후성,2026-09-08 09:00:00+09:00,79.17984832069342,base_breakout,100.0,3.045720476706389,True,True,False,False,3,STOP,-5.000000000000004,False,13400.0,14740.0,,,2026-09-10 10:00:00+09:00,12730.0
2026-09-08 13:00:00+09:00,2026-09-08,440110,파두,2026-09-08 12:00:00+09:00,58.58911538698402,base_breakout,24.418815235081397,3.6910973641742846,True,True,True,False,1,STOP,-5.000000000000004,False,74200.0,81620.0,,,2026-09-09 09:00:00+09:00,70490.0
2026-09-08 14:00:00+09:00,2026-09-08,119850,지엔씨에너지,2026-09-08 13:00:00+09:00,76.39331271743333,base_breakout,100.0,2.5313103981445684,True,True,True,False,1,TARGET,10.0,True,46750.0,51425.0,2026-09-10 14:00:00+09:00,3.0,2026-09-10 14:00:00+09:00,44412.5
2026-09-08 14:00:00+09:00,2026-09-08,036540,SFA반도체,2026-09-08 13:00:00+09:00,72.99535376247323,base_breakout,65.43617052176785,2.9017094017094016,True,True,True,False,2,TARGET,10.0,True,6260.0,6886.0,2026-09-10 09:00:00+09:00,3.0,2026-09-10 09:00:00+09:00,5947.0
2026-09-09 10:00:00+09:00,2026-09-09,389020,자람테크놀로지,2026-09-09 09:00:00+09:00,81.64030335861324,base_breakout,100.0,2.4420368364030347,True,True,False,False,1,CENSORED,,,,,,,,
2026-09-09 10:00:00+09:00,2026-09-09,256840,한국비엔씨,2026-09-09 09:00:00+09:00,80.70903010033445,base_breakout,100.0,3.2006688963210683,True,True,True,False,2,CENSORED,,,,,,,,
2026-09-09 10:00:00+09:00,2026-09-09,036540,SFA반도체,2026-09-09 09:00:00+09:00,76.61745661745661,base_breakout,100.0,3.979538979538981,True,True,True,False,3,CENSORED,,,,,,,,
2026-09-09 10:00:00+09:00,2026-09-09,043260,성호전자,2026-09-09 09:00:00+09:00,75.98628691983122,base_breakout,100.0,3.9186140863356074,True,True,True,False,4,CENSORED,,,,,,,,
2026-09-09 10:00:00+09:00,2026-09-09,217590,티엠씨,2026-09-09 09:00:00+09:00,75.5084745762712,base_breakout,100.0,1.9918513689700112,True,True,True,False,5,CENSORED,,,,,,,,
2026-09-09 11:00:00+09:00,2026-09-09,131970,두산테스나,2026-09-09 10:00:00+09:00,65.34493896544174,base_breakout,46.71786422611586,2.419398907103825,True,True,False,False,1,CENSORED,,,,,,,,
2026-09-09 11:00:00+09:00,2026-09-09,454910,두산로보틱스,2026-09-09 10:00:00+09:00,65.24886218752889,base_breakout,74.06518388492242,2.69987035436474,True,True,False,False,2,CENSORED,,,,,,,,
2026-09-09 12:00:00+09:00,2026-09-09,012210,삼미금속,2026-09-09 11:00:00+09:00,78.31788347478545,base_breakout,76.16749151856507,3.435818051917124,True,True,True,False,1,CENSORED,,,,,,,,
2026-09-09 12:00:00+09:00,2026-09-09,361610,SK아이이테크놀로지,2026-09-09 11:00:00+09:00,67.30067163893293,base_breakout,28.7462276847248,2.004609622587146,True,True,True,False,2,CENSORED,,,,,,,,
2026-09-09 12:00:00+09:00,2026-09-09,020150,롯데에너지머티리얼즈,2026-09-09 11:00:00+09:00,58.80700690188159,base_breakout,35.41434485423541,1.9973474801060995,True,True,True,False,3,CENSORED,,,,,,,,
2026-09-09 13:00:00+09:00,2026-09-09,361610,SK아이이테크놀로지,2026-09-09 12:00:00+09:00,69.73681057321507,base_breakout,51.95775590722018,3.060822898032204,True,True,True,True,1,CENSORED,,,,,,,,
2026-09-09 13:00:00+09:00,2026-09-09,020150,롯데에너지머티리얼즈,2026-09-09 12:00:00+09:00,64.47665269194272,base_breakout,44.98475918620959,2.6748575498575504,True,True,True,False,2,CENSORED,,,,,,,,
2026-09-09 14:00:00+09:00,2026-09-09,322000,HD현대에너지솔루션,2026-09-09 13:00:00+09:00,61.128587508527445,rebound,28.23858800398682,2.7789133942980078,True,True,True,False,1,CENSORED,,,,,,,,
2026-09-10 09:00:00+09:00,2026-09-10,446540,메가터치,2026-09-09 14:00:00+09:00,80.18800836625611,base_breakout,100.0,2.326283987915408,True,True,True,False,1,CENSORED,,,,,,,,
2026-09-10 12:00:00+09:00,2026-09-10,252990,샘씨엔에스,2026-09-10 11:00:00+09:00,81.8000908559037,rebound,83.59559464366475,2.138624626257137,True,True,True,False,1,CENSORED,,,,,,,,
2026-09-10 12:00:00+09:00,2026-09-10,131970,두산테스나,2026-09-10 11:00:00+09:00,80.82023921200748,base_breakout,100.0,3.238156660412761,True,True,True,False,2,CENSORED,,,,,,,,
2026-09-10 12:00:00+09:00,2026-09-10,403870,HPSP,2026-09-10 11:00:00+09:00,72.48879670271914,base_breakout,80.09169811783221,2.929022668153105,True,True,True,False,3,CENSORED,,,,,,,,
2026-09-10 12:00:00+09:00,2026-09-10,222800,심텍,2026-09-10 11:00:00+09:00,68.97320225484452,base_breakout,67.26511441323618,3.378061400482927,True,True,True,False,4,CENSORED,,,,,,,,
2026-09-10 14:00:00+09:00,2026-09-10,204320,HL만도,2026-09-10 13:00:00+09:00,67.98240436261764,base_breakout,25.826091920197022,2.019230769230771,True,True,False,False,1,CENSORED,,,,,,,,
2026-09-11 09:00:00+09:00,2026-09-11,073240,금호타이어,2026-09-10 14:00:00+09:00,70.94591346153844,base_breakout,100.0,3.4579326923076943,True,True,True,False,1,CENSORED,,,,,,,,
2026-09-11 10:00:00+09:00,2026-09-11,417840,저스템,2026-09-11 09:00:00+09:00,78.15352063059797,rebound,98.83544475626822,3.7866460462614313,True,True,True,False,1,CENSORED,,,,,,,,
2026-09-11 10:00:00+09:00,2026-09-11,456010,아이씨티케이,2026-09-11 09:00:00+09:00,77.63336663336659,base_breakout,100.0,3.064935064935065,True,True,True,False,2,CENSORED,,,,,,,,
2026-09-11 10:00:00+09:00,2026-09-11,054920,한컴위드,2026-09-11 09:00:00+09:00,76.62910798122068,base_breakout,100.0,3.890574214517878,True,True,True,False,3,CENSORED,,,,,,,,
2026-09-11 10:00:00+09:00,2026-09-11,003350,한국화장품제조,2026-09-11 09:00:00+09:00,68.98590770601018,base_breakout,61.72857114044263,2.2150101419878294,True,True,False,False,4,CENSORED,,,,,,,,
2026-09-11 11:00:00+09:00,2026-09-11,475150,SK이터닉스,2026-09-11 10:00:00+09:00,75.25819513108088,rebound,100.0,1.6909005628517857,True,True,True,False,1,CENSORED,,,,,,,,
2026-09-11 11:00:00+09:00,2026-09-11,003350,한국화장품제조,2026-09-11 10:00:00+09:00,69.16133265902312,rebound,81.08242353726004,2.6554712892741086,True,True,False,False,2,CENSORED,,,,,,,,
2026-09-11 13:00:00+09:00,2026-09-11,226950,올릭스,2026-09-11 12:00:00+09:00,69.03479187891664,rebound,50.31578214108955,1.8229025382677764,True,True,True,False,1,CENSORED,,,,,,,,
2026-09-14 09:00:00+09:00,2026-09-14,053800,안랩,2026-09-11 14:00:00+09:00,67.8199638297198,rebound,78.72136747207043,3.2784455128205114,True,True,False,False,1,NO_FILL,,,,,,,,
2026-09-14 11:00:00+09:00,2026-09-14,053800,안랩,2026-09-14 10:00:00+09:00,72.73621872820587,base_breakout,72.83066629060211,3.7393162393162425,True,True,True,False,1,CENSORED,,,,,,,,
2026-09-14 12:00:00+09:00,2026-09-14,332570,PS일렉트로닉스,2026-09-14 11:00:00+09:00,71.69656402714595,base_breakout,29.815711382413973,2.466964070412347,True,True,True,False,1,CENSORED,,,,,,,,
2026-09-14 12:00:00+09:00,2026-09-14,053800,안랩,2026-09-14 11:00:00+09:00,67.11982810620778,base_breakout,82.80860372971071,3.941615938018816,True,True,True,True,2,CENSORED,,,,,,,,
2026-09-14 13:00:00+09:00,2026-09-14,217590,티엠씨,2026-09-14 12:00:00+09:00,77.36180485245622,base_breakout,94.08924404250108,2.6950549450549457,True,True,True,False,1,CENSORED,,,,,,,,
2026-09-14 13:00:00+09:00,2026-09-14,041510,에스엠,2026-09-14 12:00:00+09:00,59.11646594236699,base_breakout,22.73288343826422,2.4953606704579485,True,True,False,False,2,CENSORED,,,,,,,,
