scan,day,code,name,signal_bar,score,pattern,volume_component,extension_atr,trend,breakout,money,hold,rank,hit,entry_price,target_price,hit_bar,sessions_to_hit,return_pct,status,exit_bar,stop_price
2026-08-04 11:00:00+09:00,2026-08-04,041510,에스엠,2026-08-04 10:00:00+09:00,58.76289018086992,base_breakout,64.34485912428853,3.5165231880033345,True,False,False,True,1,False,75700.0,83270.0,,,0.39630118890356947,OPEN_MARK_TO_MARKET,,71915.0
2026-08-05 11:00:00+09:00,2026-08-05,090360,로보스타,2026-08-05 10:00:00+09:00,53.4668003091792,base_breakout,26.64150669281717,3.2740033688938794,True,False,False,True,1,True,72400.0,79640.0,2026-08-06 09:00:00+09:00,2.0,10.0,TARGET,2026-08-06 09:00:00+09:00,68780.0
2026-08-07 09:00:00+09:00,2026-08-07,257720,실리콘투,2026-08-06 14:00:00+09:00,53.77893260669023,rebound,23.808736230708767,3.459798120431609,True,False,False,True,1,False,39000.0,42900.0,,,-5.000000000000004,STOP,2026-08-11 09:00:00+09:00,37050.0
2026-08-10 13:00:00+09:00,2026-08-10,036540,SFA반도체,2026-08-10 12:00:00+09:00,76.70956937327784,rebound,72.5880558701615,2.6826429980276107,True,False,False,True,1,True,5530.0,6083.0,2026-08-11 09:00:00+09:00,2.0,10.0,TARGET,2026-08-11 09:00:00+09:00,5253.5
2026-08-11 11:00:00+09:00,2026-08-11,079650,서산,2026-08-11 10:00:00+09:00,79.04187312774205,rebound,100.0,3.0433528987745864,True,True,True,True,1,True,5090.0,5599.0,2026-08-12 09:00:00+09:00,2.0,10.0,TARGET,2026-08-12 09:00:00+09:00,4835.5
2026-08-11 12:00:00+09:00,2026-08-11,079650,서산,2026-08-11 11:00:00+09:00,80.01099879465264,rebound,100.0,3.623130715438408,True,True,True,True,1,True,5230.0,5753.0,2026-08-12 09:00:00+09:00,2.0,10.0,TARGET,2026-08-12 09:00:00+09:00,4968.5
2026-08-11 12:00:00+09:00,2026-08-11,002990,금호건설,2026-08-11 11:00:00+09:00,73.95316883705577,rebound,100.0,3.3781957427638263,True,False,False,True,2,True,11490.0,12639.0,2026-08-12 09:00:00+09:00,2.0,10.0,TARGET,2026-08-12 09:00:00+09:00,10915.5
2026-08-13 11:00:00+09:00,2026-08-13,067310,하나마이크론,2026-08-13 10:00:00+09:00,70.93057787921333,base_breakout,94.7556337518867,2.675273759632286,True,False,False,True,1,True,36200.0,39820.0,2026-08-18 09:00:00+09:00,3.0,10.0,TARGET,2026-08-18 09:00:00+09:00,34390.0
2026-08-20 11:00:00+09:00,2026-08-20,192820,코스맥스,2026-08-20 10:00:00+09:00,74.45210384951591,rebound,55.33281159231768,1.7737556561085992,True,False,False,True,1,True,259500.0,285450.0,2026-08-24 10:00:00+09:00,3.0,10.0,TARGET,2026-08-24 10:00:00+09:00,246525.0
2026-08-20 13:00:00+09:00,2026-08-20,001210,금호전기,2026-08-20 12:00:00+09:00,68.44229638461933,rebound,52.859141408542975,2.103956746129269,True,False,False,True,1,True,7460.0,8206.0,2026-08-21 09:00:00+09:00,2.0,10.0,TARGET,2026-08-21 09:00:00+09:00,7087.0
2026-08-25 11:00:00+09:00,2026-08-25,003350,한국화장품제조,2026-08-25 10:00:00+09:00,78.65769718241201,base_breakout,100.0,3.9057229209320456,True,True,True,True,1,True,13290.0,14619.0,2026-08-25 14:00:00+09:00,1.0,10.0,TARGET,2026-08-25 14:00:00+09:00,12625.5
2026-08-25 13:00:00+09:00,2026-08-25,004020,현대제철,2026-08-25 12:00:00+09:00,88.0064367816092,rebound,100.0,2.62917771883289,True,True,True,True,1,True,29350.0,32285.0,2026-08-27 09:00:00+09:00,3.0,10.0,TARGET,2026-08-27 09:00:00+09:00,27882.5
2026-08-25 14:00:00+09:00,2026-08-25,004020,현대제철,2026-08-25 13:00:00+09:00,82.28951240016809,rebound,100.0,3.30817307692308,True,True,True,True,1,True,30050.0,33055.0,2026-08-27 09:00:00+09:00,3.0,10.0,TARGET,2026-08-27 09:00:00+09:00,28547.5
2026-08-25 14:00:00+09:00,2026-08-25,204270,제이앤티씨,2026-08-25 13:00:00+09:00,77.99839346187113,rebound,73.6930663859352,1.342370062370064,True,False,False,True,2,False,19590.0,21549.0,,,2.3481368044920847,OPEN_MARK_TO_MARKET,,18610.5
2026-08-25 14:00:00+09:00,2026-08-25,356860,티엘비,2026-08-25 13:00:00+09:00,71.33633293455043,rebound,74.25623447272375,3.0122082973206594,True,False,False,True,3,True,37750.0,41525.0,2026-08-27 09:00:00+09:00,3.0,10.0,TARGET,2026-08-27 09:00:00+09:00,35862.5
2026-08-26 09:00:00+09:00,2026-08-26,083650,비에이치아이,2026-08-25 14:00:00+09:00,88.31640229926396,rebound,97.63168036745184,2.755231358679634,True,False,False,True,1,False,65200.0,71720.0,,,-5.000000000000004,STOP,2026-08-31 09:00:00+09:00,61940.0
2026-08-26 09:00:00+09:00,2026-08-26,232140,와이씨,2026-08-25 14:00:00+09:00,83.14373608308557,rebound,100.0,3.6224686940966,True,True,True,True,2,True,11600.0,12760.0,2026-08-27 14:00:00+09:00,2.0,10.0,TARGET,2026-08-27 14:00:00+09:00,11020.0
2026-08-26 09:00:00+09:00,2026-08-26,004020,현대제철,2026-08-25 14:00:00+09:00,78.28658032237892,rebound,100.0,3.273452157598498,True,False,False,True,3,False,30500.0,33550.0,,,1.4754098360655776,OPEN_MARK_TO_MARKET,,28975.0
2026-08-26 09:00:00+09:00,2026-08-26,007390,네이처셀,2026-08-25 14:00:00+09:00,66.44839345114359,rebound,44.13024805704174,2.0763403263403237,True,False,False,True,4,False,24650.0,27115.0,,,-5.000000000000004,STOP,2026-08-26 10:00:00+09:00,23417.5
2026-08-26 10:00:00+09:00,2026-08-26,336260,두산퓨얼셀,2026-08-26 09:00:00+09:00,73.82436729034936,base_breakout,83.12627138063506,3.556201254014376,True,False,False,True,1,False,45450.0,49995.0,,,-5.000000000000004,STOP,2026-09-01 10:00:00+09:00,43177.5
2026-08-26 10:00:00+09:00,2026-08-26,356860,티엘비,2026-08-26 09:00:00+09:00,69.27579969535414,base_breakout,100.0,3.668602437166796,True,False,False,True,2,False,39550.0,43505.0,,,-5.000000000000004,STOP,2026-08-31 09:00:00+09:00,37572.5
2026-08-26 11:00:00+09:00,2026-08-26,006360,GS건설,2026-08-26 10:00:00+09:00,76.48260088807618,rebound,100.0,3.164947107222152,True,True,True,True,1,False,37800.0,41580.0,,,-5.000000000000004,STOP,2026-08-28 09:00:00+09:00,35910.0
2026-08-28 11:00:00+09:00,2026-08-28,356680,엑스게이트,2026-08-28 10:00:00+09:00,68.42175106394942,rebound,100.0,2.932666529181276,True,False,False,True,1,False,12340.0,13574.0,,,-6.888168557536467,STOP,2026-08-31 09:00:00+09:00,11723.0
2026-08-31 11:00:00+09:00,2026-08-31,014950,삼익제약,2026-08-31 10:00:00+09:00,72.3814728330116,rebound,100.0,3.267390040689787,True,False,False,True,1,True,5440.0,5984.0,2026-09-01 09:00:00+09:00,2.0,10.0,TARGET,2026-09-01 09:00:00+09:00,5168.0
2026-08-31 12:00:00+09:00,2026-08-31,187660,페니트리움바이오,2026-08-31 11:00:00+09:00,53.33736656257887,base_breakout,19.49919386224946,3.1622943530457976,True,False,False,True,1,True,4725.0,5197.5,2026-09-03 09:00:00+09:00,4.0,10.0,TARGET,2026-09-03 09:00:00+09:00,4488.75
2026-09-03 14:00:00+09:00,2026-09-03,375500,DL이앤씨,2026-09-03 13:00:00+09:00,78.04816609162359,rebound,70.16168965007624,1.940765117235702,True,False,False,True,1,True,73700.0,81070.0,2026-09-08 09:00:00+09:00,4.0,10.0,TARGET,2026-09-08 09:00:00+09:00,70015.0
2026-09-04 11:00:00+09:00,2026-09-04,064290,인텍플러스,2026-09-04 10:00:00+09:00,76.150904544786,base_breakout,100.0,3.6703927048095326,True,True,True,True,1,True,40500.0,44550.0,2026-09-09 09:00:00+09:00,4.0,10.0,TARGET,2026-09-09 09:00:00+09:00,38475.0
2026-09-07 09:00:00+09:00,2026-09-07,095610,테스,2026-09-04 14:00:00+09:00,63.3642668474116,rebound,29.75264975087328,2.545019811449649,True,False,False,True,1,,,,,,,NO_FILL,,
2026-09-07 13:00:00+09:00,2026-09-07,375500,DL이앤씨,2026-09-07 12:00:00+09:00,60.8318447829696,base_breakout,31.13198799287515,3.261685682738312,True,True,True,True,1,True,77400.0,85140.0,2026-09-11 09:00:00+09:00,5.0,10.0,TARGET,2026-09-11 09:00:00+09:00,73530.0
2026-09-08 09:00:00+09:00,2026-09-08,004020,현대제철,2026-09-07 14:00:00+09:00,56.87240782257086,base_breakout,40.72755279380399,2.5405265875064558,True,False,False,True,1,False,32750.0,36025.0,,,1.0687022900763399,OPEN_MARK_TO_MARKET,,31112.5
2026-09-08 10:00:00+09:00,2026-09-08,375500,DL이앤씨,2026-09-08 09:00:00+09:00,69.12413295977073,base_breakout,84.66548361639971,3.1039415130324186,True,False,False,True,1,False,78900.0,86790.0,,,8.365019011406849,OPEN_MARK_TO_MARKET,,74955.0
2026-09-09 10:00:00+09:00,2026-09-09,024060,흥구석유,2026-09-09 09:00:00+09:00,72.92652729855901,base_breakout,100.0,3.875786482646642,True,False,False,True,1,,,,,,,CENSORED,,
2026-09-09 13:00:00+09:00,2026-09-09,361610,SK아이이테크놀로지,2026-09-09 12:00:00+09:00,69.73681057321507,base_breakout,51.95775590722018,3.060822898032204,True,True,True,True,1,,,,,,,CENSORED,,
2026-09-09 13:00:00+09:00,2026-09-09,012210,삼미금속,2026-09-09 12:00:00+09:00,65.40232429441063,base_breakout,100.0,3.603209739900388,True,False,False,True,2,,,,,,,CENSORED,,
2026-09-10 13:00:00+09:00,2026-09-10,252990,샘씨엔에스,2026-09-10 12:00:00+09:00,84.34016295231241,rebound,100.0,2.085909417685121,True,False,False,True,1,,,,,,,CENSORED,,
2026-09-11 11:00:00+09:00,2026-09-11,456010,아이씨티케이,2026-09-11 10:00:00+09:00,74.71771802945895,rebound,100.0,3.339042873455827,True,False,False,True,1,,,,,,,CENSORED,,
2026-09-11 11:00:00+09:00,2026-09-11,054920,한컴위드,2026-09-11 10:00:00+09:00,74.51230625936185,rebound,100.0,3.802753666566895,True,False,False,True,2,,,,,,,CENSORED,,
2026-09-14 11:00:00+09:00,2026-09-14,017900,광전자,2026-09-14 10:00:00+09:00,83.90532986027172,rebound,100.0,2.6350051975051985,True,False,False,True,1,,,,,,,CENSORED,,
2026-09-14 12:00:00+09:00,2026-09-14,053800,안랩,2026-09-14 11:00:00+09:00,67.11982810620778,base_breakout,82.80860372971071,3.941615938018816,True,True,True,True,1,,,,,,,CENSORED,,
